number,symbol,name,russian_name,appearance,atomic_mass,boil,category,density,discovered_by,melt,molar_heat,named_by,period,group_number,phase,source,bohr_model_image,spectral_img,summary,xpos,ypos,wxpos,wypos,shells,electron_configuration,electron_configuration_semantic,electron_affinity,electronegativity_pauling,ionization_energies,cpk_hex,block
1,H,Hydrogen,Водород,бесцветный газ,1.008,20.271,diatomic nonmetal,0.08988,Henry Cavendish,13.99,28.836,Antoine Lavoisier,1,1,Gas,https://en.wikipedia.org/wiki/Hydrogen,/chemistry/elements/h/001-h-hydrogen-bohr.png,/chemistry/elements/h/001-h-hydrogen-spectral.png,"Во Вселенной водород служит главным строительным материалом звёзд, межзвёздных облаков и большинства известных молекул. Он легко образует связи и переносит энергию в реакциях горения, восстановления и синтеза. Поэтому водород важен и для происхождения воды, и для современной энергетики, и для понимания эволюции космоса.",1,1,1,1,{1},1s1,1s1,72.769,2.2,{1312},ffffff,s
2,He,Helium,Гелий,"бесцветный газ, излучающий красно-оранжевое свечение при помещении в электрическое поле высокого напряжения.",4.0026022,4.222,noble gas,0.1786,Pierre Janssen,0.95,,,1,18,Gas,https://en.wikipedia.org/wiki/Helium,/chemistry/elements/he/002-he-helium-bohr.png,/chemistry/elements/he/002-he-helium-spectral.png,"Во Вселенной гелий является одним из главных продуктов звёздного нуклеосинтеза и заполняет атмосферы крупных планет. Он почти не образует устойчивых соединений и ведёт себя как исключительно инертная среда. Благодаря этому гелий нужен там, где важны чистота процессов, криогеника, стабильные среды и точные физические эксперименты.",18,1,32,1,{2},1s2,1s2,-48,,"{2372.3,5250.5}",d9ffff,s
3,Li,Lithium,Литий,серебристо-белый,6.94,1603,alkali metal,0.534,Johan August Arfwedson,453.65,24.86,,2,1,Solid,https://en.wikipedia.org/wiki/Lithium,/chemistry/elements/li/003-li-lithium-bohr.png,/chemistry/elements/li/003-li-lithium-spectral.png,"В природе литий присутствует в минералах и рассолах в небольших количествах, но заметно влияет на технологический мир. Он легко отдаёт внешний электрон и активно включается в перенос заряда. Поэтому литий стал ключевым элементом аккумуляторов, лёгких материалов и систем, где критична высокая удельная электрохимическая эффективность.",1,2,1,2,"{2,1}",1s2 2s1,[He] 2s1,59.6326,0.98,"{520.2,7298.1,11815}",cc80ff,s
4,Be,Beryllium,Бериллий,бело-серый металлик,9.01218315,2742,alkaline earth metal,1.85,Louis Nicolas Vauquelin,1560,16.443,,2,2,Solid,https://en.wikipedia.org/wiki/Beryllium,/chemistry/elements/be/004-be-beryllium-bohr.png,/chemistry/elements/be/004-be-beryllium-spectral.png,"В природе бериллий связан с редкими минералами и выступает сравнительно редким, но важным компонентом земной коры. Для него характерны жёсткие ковалентные связи и высокая химическая стойкость в ряде условий. Это делает бериллий ценным для жёстких сплавов, точной техники, рентгеновских окон и конструкций с особыми требованиями к стабильности.",2,2,2,2,"{2,2}",1s2 2s2,[He] 2s2,-48,1.57,"{899.5,1757.1,14848.7,21006.6}",c2ff00,s
5,B,Boron,Бор,черно-коричневый,10.81,4200,metalloid,2.08,Joseph Louis Gay-Lussac,2349,11.087,,2,13,Solid,https://en.wikipedia.org/wiki/Boron,/chemistry/elements/b/005-b-boron-bohr.png,/chemistry/elements/b/005-b-boron-spectral.png,"В природе бор участвует в геохимии солёных вод, минералов и жизненных процессов растений. Он образует прочные ковалентные сетки и соединения с необычной электронной недостаточностью. Поэтому бор важен для стекла, керамики, композитов, нейтронопоглощающих материалов и для нормального развития клеточных структур у живых организмов.",13,2,27,2,"{2,3}",1s2 2s2 2p1,[He] 2s2 2p1,26.989,2.04,"{800.6,2427.1,3659.7,25025.8,32826.7}",ffb5b5,p
6,C,Carbon,Углерод,,12.011,,polyatomic nonmetal,1.821,Ancient Egypt,,8.517,,2,14,Solid,https://en.wikipedia.org/wiki/Carbon,/chemistry/elements/c/006-c-carbon-bohr.png,/chemistry/elements/c/006-c-carbon-spectral.png,"Во Вселенной и на Земле углерод является базовым каркасом органической химии и огромного числа природных материалов. Он легко образует длинные цепи, кольца и прочные связи с разными элементами. Благодаря этой универсальности углерод лежит в основе жизни, топлива, полимеров, электроники, сорбентов и множества фундаментальных химических моделей.",14,2,28,2,"{2,4}",1s2 2s2 2p2,[He] 2s2 2p2,121.7763,2.55,"{1086.5,2352.6,4620.5,6222.7,37831,47277}",909090,p
7,N,Nitrogen,Азот,"бесцветный газ, жидкость или твердое вещество",14.007,77.355,diatomic nonmetal,1.251,Daniel Rutherford,63.15,,Jean-Antoine Chaptal,2,15,Gas,https://en.wikipedia.org/wiki/Nitrogen,/chemistry/elements/n/007-n-nitrogen-bohr.png,/chemistry/elements/n/007-n-nitrogen-spectral.png,"В природе азот образует крупнейший резерв атмосферы и постоянно циркулирует между воздухом, почвой, водой и живыми клетками. Его ключевое поведение связано с участием в биохимических циклах и образованием соединений от аммиака до нитратов. Поэтому азот фундаментален для белков, удобрений, промышленного синтеза и устойчивости экосистем.",15,2,29,2,"{2,5}",1s2 2s2 2p3,[He] 2s2 2p3,-6.8,3.04,"{1402.3,2856,4578.1,7475,9444.9,53266.6,64360}",3050f8,p
8,O,Oxygen,Кислород,,15.999,90.188,diatomic nonmetal,1.429,Carl Wilhelm Scheele,54.36,,Antoine Lavoisier,2,16,Gas,https://en.wikipedia.org/wiki/Oxygen,/chemistry/elements/o/008-o-oxygen-bohr.png,/chemistry/elements/o/008-o-oxygen-spectral.png,"Во Вселенной кислород относится к главным продуктам звёздной эволюции, а на Земле определяет химию воды, воздуха и минералов. Он легко принимает электроны и поддерживает окислительные процессы, дыхание и горение. Поэтому кислород критически важен для жизни, энергетики, металлургии, медицины и для самой химической активности планеты.",16,2,30,2,"{2,6}",1s2 2s2 2p4,[He] 2s2 2p4,140.976,3.44,"{1313.9,3388.3,5300.5,7469.2,10989.5,13326.5,71330,84078}",ff0d0d,p
9,F,Fluorine,Фтор,,18.9984031636,85.03,diatomic nonmetal,1.696,André-Marie Ampère,53.48,,Humphry Davy,2,17,Gas,https://en.wikipedia.org/wiki/Fluorine,/chemistry/elements/f/009-f-fluorine-bohr.png,/chemistry/elements/f/009-f-fluorine-spectral.png,"В природе фтор связан в минералах и следовых количествах биосферы, но свободным почти не встречается из-за крайней реакционной способности. Он очень сильно притягивает электронную плотность и образует особенно прочные связи. Поэтому фтор важен для высокостойких материалов, тонкой органической химии, травления, аккумуляторных систем и фармацевтики.",17,2,31,2,"{2,7}",1s2 2s2 2p5,[He] 2s2 2p5,328.1649,3.98,"{1681,3374.2,6050.4,8407.7,11022.7,15164.1,17868,92038.1,106434.3}",90e050,p
10,Ne,Neon,Неон,"бесцветный газ, проявляющий оранжево-красное свечение при помещении в электрическое поле высокого напряжения.",20.17976,27.104,noble gas,0.9002,Morris Travers,24.56,,,2,18,Gas,https://en.wikipedia.org/wiki/Neon,/chemistry/elements/ne/010-ne-neon-bohr.png,/chemistry/elements/ne/010-ne-neon-spectral.png,"Во Вселенной неон образуется в недрах звёзд и остаётся химически почти невовлечённым компонентом вещества. Его поведение определяется инертностью и способностью ярко светиться в электрическом разряде. Это делает неон важным для светотехники, плазменных устройств, криогенных сред и исследований, где нужна химически спокойная атмосфера.",18,2,32,2,"{2,8}",1s2 2s2 2p6,[He] 2s2 2p6,-116,,"{2080.7,3952.3,6122,9371,12177,15238,19999,23069.5,115379.5,131432}",b3e3f5,p
11,Na,Sodium,Натрий,серебристо-белый металлик,22.989769282,1156.09,alkali metal,0.968,Humphry Davy,370.944,28.23,,3,1,Solid,https://en.wikipedia.org/wiki/Sodium,/chemistry/elements/na/011-na-sodium-bohr.png,/chemistry/elements/na/011-na-sodium-spectral.png,"В природе натрий широко участвует в химии океанов, солей и внеклеточных жидкостей живых организмов. Он легко вступает в ионные взаимодействия и определяет осмотические и электрические процессы в растворах. Поэтому натрий важен для физиологии нервных сигналов, химической промышленности, теплоносителей и множества базовых неорганических синтезов.",1,3,1,3,"{2,8,1}",1s2 2s2 2p6 3s1,[Ne] 3s1,52.867,0.93,"{495.8,4562,6910.3,9543,13354,16613,20117,25496,28932,141362,159076}",ab5cf2,s
12,Mg,Magnesium,Магний,блестящее серое твердое вещество,24.305,1363,alkaline earth metal,1.738,Joseph Black,923,24.869,,3,2,Solid,https://en.wikipedia.org/wiki/Magnesium,/chemistry/elements/mg/012-mg-magnesium-bohr.png,/chemistry/elements/mg/012-mg-magnesium-spectral.png,"В природе магний входит в состав минералов, морской воды и биологических молекул, особенно хлорофилла. Он активно образует ионные и координационные соединения и нередко служит восстановителем. Благодаря этому магний важен для фотосинтеза, ферментативных процессов, лёгких сплавов, пиротехники и производства материалов с хорошим отношением прочности к массе.",2,3,2,3,"{2,8,2}",1s2 2s2 2p6 3s2,[Ne] 3s2,-40,1.31,"{737.7,1450.7,7732.7,10542.5,13630,18020,21711,25661,31653,35458,169988,189368}",8aff00,s
13,Al,Aluminium,Алюминий,серебристо-серый металлик,26.98153857,2743,post-transition metal,2.7,,933.47,24.2,Humphry Davy,3,13,Solid,https://en.wikipedia.org/wiki/Aluminium,/chemistry/elements/al/013-al-aluminium-bohr.png,/chemistry/elements/al/013-al-aluminium-spectral.png,"В природе алюминий является одним из главных элементов земной коры и входит в состав множества силикатов. Он быстро покрывается защитной оксидной плёнкой и хорошо работает в сплавах и конструкциях. Поэтому алюминий фундаментален для транспорта, упаковки, электротехники, строительства и технологий, где важны стойкость и технологичность.",13,3,27,3,"{2,8,3}",1s2 2s2 2p6 3s2 3p1,[Ne] 3s2 3p1,41.762,1.61,"{577.5,1816.7,2744.8,11577,14842,18379,23326,27465,31853,38473,42647,201266,222316}",bfa6a6,p
14,Si,Silicon,Кремний,"кристаллический, отражающий свет, с голубоватыми гранями",28.085,3538,metalloid,2.329,Jöns Jacob Berzelius,1687,19.789,Thomas Thomson (chemist),3,14,Solid,https://en.wikipedia.org/wiki/Silicon,/chemistry/elements/si/014-si-silicon-bohr.png,/chemistry/elements/si/014-si-silicon-spectral.png,"В природе кремний формирует основу горных пород, песка и большинства силикатных минералов планеты. Его ключевое поведение связано со способностью строить прочные сетчатые структуры и управлять электронными свойствами в кристаллах. Поэтому кремний важен одновременно для геологии, стекла, керамики, солнечной энергетики и всей современной микроэлектроники.",14,3,28,3,"{2,8,4}",1s2 2s2 2p6 3s2 3p2,[Ne] 3s2 3p2,134.0684,1.9,"{786.5,1577.1,3231.6,4355.5,16091,19805,23780,29287,33878,38726,45962,50502,235196,257923}",f0c8a0,p
15,P,Phosphorus,Фосфор,"бесцветный, восково-белый, желтый, алый, красный, фиолетовый, черный",30.9737619985,,polyatomic nonmetal,1.823,Hennig Brand,,23.824,,3,15,Solid,https://en.wikipedia.org/wiki/Phosphorus,/chemistry/elements/p/015-p-phosphorus-bohr.png,/chemistry/elements/p/015-p-phosphorus-spectral.png,"В природе фосфор постоянно обращается между породами, почвой, водой и живыми организмами как один из ключевых биогенных элементов. Он образует связи, удобные для переноса энергии и построения сложных молекул. Поэтому фосфор необходим для ДНК, мембран, удобрений, сельского хозяйства и для энергетики клеточных процессов.",15,3,29,3,"{2,8,5}",1s2 2s2 2p6 3s2 3p3,[Ne] 3s2 3p3,72.037,2.19,"{1011.8,1907,2914.1,4963.6,6273.9,21267,25431,29872,35905,40950,46261,54110,59024,271791,296195}",ff8000,p
16,S,Sulfur,Сера,спеченные микрокристаллы лимонно-желтого цвета,32.06,717.8,polyatomic nonmetal,2.07,Ancient china,388.36,22.75,,3,16,Solid,https://en.wikipedia.org/wiki/Sulfur,/chemistry/elements/s/016-s-sulfur-bohr.png,/chemistry/elements/s/016-s-sulfur-spectral.png,"В природе сера участвует в вулканических, осадочных и биохимических циклах, связывая атмосферу, породы и живое вещество. Она легко переходит между разными степенями окисления и образует важные неорганические и органические соединения. Благодаря этому сера нужна для белков, аккумуляторов, химической промышленности и регулирования почвенных процессов.",16,3,30,3,"{2,8,6}",1s2 2s2 2p6 3s2 3p4,[Ne] 3s2 3p4,200.4101,2.58,"{999.6,2252,3357,4556,7004.3,8495.8,27107,31719,36621,43177,48710,54460,62930,68216,311048,337138}",ffff30,p
17,Cl,Chlorine,Хлор,бледно-желто-зеленый газ,35.45,239.11,diatomic nonmetal,3.2,Carl Wilhelm Scheele,171.6,,,3,17,Gas,https://en.wikipedia.org/wiki/Chlorine,/chemistry/elements/cl/017-cl-chlorine-bohr.png,/chemistry/elements/cl/017-cl-chlorine-spectral.png,"В природе хлор связан главным образом в солях морей и минералов и играет заметную роль в водных экосистемах. Он активно окисляет и легко образует ионные и ковалентные соединения. Поэтому хлор важен для дезинфекции, водоподготовки, органического синтеза, производства полимеров и поддержания кислотно-солевого баланса в организме.",17,3,31,3,"{2,8,7}",1s2 2s2 2p6 3s2 3p5,[Ne] 3s2 3p5,348.575,3.16,"{1251.2,2298,3822,5158.6,6542,9362,11018,33604,38600,43961,51068,57119,63363,72341,78095,352994,380760}",1ff01f,p
18,Ar,Argon,Аргон,"бесцветный газ, проявляющий лилово-фиолетовое свечение при помещении в электрическое поле высокого напряжения.",39.9481,87.302,noble gas,1.784,Lord Rayleigh,83.81,,,3,18,Gas,https://en.wikipedia.org/wiki/Argon,/chemistry/elements/ar/018-ar-argon-bohr.png,/chemistry/elements/ar/018-ar-argon-spectral.png,"Во Вселенной и в земной атмосфере аргон служит химически спокойной примесью, почти не вовлечённой в обмен веществ. Его ключевое свойство состоит в инертности при нагреве, разряде и вблизи реакционноспособных материалов. Поэтому аргон незаменим для сварки, защитных атмосфер, ламп, аналитики и процессов, где нужно исключить побочные реакции.",18,3,32,3,"{2,8,8}",1s2 2s2 2p6 3s2 3p6,[Ne] 3s2 3p6,-96,,"{1520.6,2665.8,3931,5771,7238,8781,11995,13842,40760,46186,52002,59653,66199,72918,82473,88576,397605,427066}",80d1e3,p
19,K,Potassium,Калий,серебристо-серый,39.09831,1032,alkali metal,0.862,Humphry Davy,336.7,29.6,,4,1,Solid,https://en.wikipedia.org/wiki/Potassium,/chemistry/elements/k/019-k-potassium-bohr.png,/chemistry/elements/k/019-k-potassium-spectral.png,"В природе калий широко распространён в минералах, почвах и клетках живых организмов, особенно растений. Он легко образует растворимые соли и управляет переносом заряда и воды через клеточные системы. Поэтому калий фундаментален для нервных импульсов, сердечной функции, урожайности почв и множества технологических солевых процессов.",1,4,1,4,"{2,8,8,1}",1s2 2s2 2p6 3s2 3p6 4s1,[Ar] 4s1,48.383,0.82,"{418.8,3052,4420,5877,7975,9590,11343,14944,16963.7,48610,54490,60730,68950,75900,83080,93400,99710,444880,476063}",8f40d4,s
20,Ca,Calcium,Кальций,,40.0784,1757,alkaline earth metal,1.55,Humphry Davy,1115,25.929,,4,2,Solid,https://en.wikipedia.org/wiki/Calcium,/chemistry/elements/ca/020-ca-calcium-bohr.png,/chemistry/elements/ca/020-ca-calcium-spectral.png,"В природе кальций связывает геологию и биологию: он входит в известняки, раковины, кости и зубы. Обычно он образует устойчивые минералы и соли, определяющие жёсткость воды и структуру тканей. Поэтому кальций важен для скелетных систем, сигналов внутри клеток, строительных материалов, металлургии и нейтрализации химических сред.",2,4,2,4,"{2,8,8,2}",1s2 2s2 2p6 3s2 3p6 4s2,[Ar] 4s2,2.37,1,"{589.8,1145.4,4912.4,6491,8153,10496,12270,14206,18191,20385,57110,63410,70110,78890,86310,94000,104900,111711,494850,527762}",3dff00,s
21,Sc,Scandium,Скандий,серебристо-белый,44.9559085,3109,transition metal,2.985,Lars Fredrik Nilson,1814,25.52,,4,3,Solid,https://en.wikipedia.org/wiki/Scandium,/chemistry/elements/sc/021-sc-scandium-bohr.png,/chemistry/elements/sc/021-sc-scandium-spectral.png,"В природе скандий рассеян по редким минералам и редко образует собственные крупные концентрации. Для него характерно поведение типичного металла, укрепляющего сплавы и образующего стабильные оксидные системы. Поэтому скандий важен для высокопрочных лёгких материалов, специальных источников света и технологий, где нужна тонкая настройка свойств сплава.",3,4,17,4,"{2,8,9,2}",1s2 2s2 2p6 3s2 3p6 4s2 3d1,[Ar] 3d1 4s2,18,1.36,"{633.1,1235,2388.6,7090.6,8843,10679,13310,15250,17370,21726,24102,66320,73010,80160,89490,97400,105600,117000,124270,547530,582163}",e6e6e6,d
22,Ti,Titanium,Титан,серебристый серо-белый металлик,47.8671,3560,transition metal,4.506,William Gregor,1941,25.06,Martin Heinrich Klaproth,4,4,Solid,https://en.wikipedia.org/wiki/Titanium,/chemistry/elements/ti/022-ti-titanium-bohr.png,/chemistry/elements/ti/022-ti-titanium-spectral.png,"В природе титан широко связан в оксидных минералах и постепенно входит в круг материалов с высокой инженерной ценностью. Он легко образует прочную защитную плёнку и сохраняет работоспособность в агрессивных средах. Поэтому титан важен для авиации, имплантов, химического оборудования и конструкций, где сочетаются прочность, биосовместимость и стойкость.",4,4,18,4,"{2,8,10,2}",1s2 2s2 2p6 3s2 3p6 4s2 3d2,[Ar] 3d2 4s2,7.289,1.54,"{658.8,1309.8,2652.5,4174.6,9581,11533,13590,16440,18530,20833,25575,28125,76015,83280,90880,100700,109100,117800,129900,137530,602930,639294}",bfc2c7,d
23,V,Vanadium,Ванадий,сине-серебристо-серый металл,50.94151,3680,transition metal,6,Andrés Manuel del Río,2183,24.89,Isotopes of vanadium,4,5,Solid,https://en.wikipedia.org/wiki/Vanadium,/chemistry/elements/v/023-v-vanadium-bohr.png,/chemistry/elements/v/023-v-vanadium-spectral.png,"В природе ванадий встречается в рудах и нефти как рассеянный элемент, способный влиять на свойства сложных систем. Он легко меняет степень окисления и потому активно участвует в каталитических и электрохимических процессах. Благодаря этому ванадий важен для прочных сталей, сернокислотного производства, аккумуляторов и катализа окисления.",5,4,19,4,"{2,8,11,2}",1s2 2s2 2p6 3s2 3p6 4s2 3d3,[Ar] 3d3 4s2,50.911,1.63,"{650.9,1414,2830,4507,6298.7,12363,14530,16730,19860,22240,24670,29730,32446,86450,94170,102300,112700,121600,130700,143400,151440,661050,699144}",a6a6ab,d
24,Cr,Chromium,Хром,серебристый металлик,51.99616,2944,transition metal,7.19,Louis Nicolas Vauquelin,2180,23.35,,4,6,Solid,https://en.wikipedia.org/wiki/Chromium,/chemistry/elements/cr/024-cr-chromium-bohr.png,/chemistry/elements/cr/024-cr-chromium-spectral.png,"В природе хром связан с минералами и важен как элемент, задающий устойчивость ряду природных и техногенных материалов. Его поведение определяется прочными оксидными плёнками и яркой сменой степеней окисления в реакциях. Поэтому хром нужен для нержавеющих сталей, покрытий, пигментов, огнеупоров и процессов промышленного окисления.",6,4,20,4,"{2,8,13,1}",1s2 2s2 2p6 3s2 3p6 4s1 3d5,[Ar] 3d5 4s1,65.21,1.66,"{652.9,1590.6,2987,4743,6702,8744.9,15455,17820,20190,23580,26130,28750,34230,37066,97510,105800,114300,125300,134700,144300,157700,166090,721870,761733}",8a99c7,d
25,Mn,Manganese,Марганец,серебристый металлик,54.9380443,2334,transition metal,7.21,Torbern Olof Bergman,1519,26.32,,4,7,Solid,https://en.wikipedia.org/wiki/Manganese,/chemistry/elements/mn/025-mn-manganese-bohr.png,/chemistry/elements/mn/025-mn-manganese-spectral.png,"В природе марганец участвует в составе руд, почв и ферментных систем, соединяя геохимию и биологию. Он легко переключается между несколькими степенями окисления и работает в окислительно-восстановительных циклах. Поэтому марганец важен для металлургии, батарей, фотосинтеза и очистки сред, где критична управляемая реакционная активность.",7,4,21,4,"{2,8,13,2}",1s2 2s2 2p6 3s2 3p6 4s2 3d5,[Ar] 3d5 4s2,-50,1.55,"{717.3,1509,3248,4940,6990,9220,11500,18770,21400,23960,27590,30330,33150,38880,41987,109480,118100,127100,138600,148500,158600,172500,181380,785450,827067}",9c7ac7,d
26,Fe,Iron,Железо,блестящий металлик с сероватым оттенком,55.8452,3134,transition metal,7.874,5000 BC,1811,25.1,,4,8,Solid,https://en.wikipedia.org/wiki/Iron,/chemistry/elements/fe/026-fe-iron-bohr.png,/chemistry/elements/fe/026-fe-iron-spectral.png,"В природе железо формирует ядра планет, распространённые минералы и центральные узлы множества биохимических систем. Оно легко меняет степень окисления и хорошо переносит электроны в реакциях и белках. Поэтому железо фундаментально для крови, дыхания клеток, магнитных материалов, строительных сплавов и всей индустриальной цивилизации.",8,4,22,4,"{2,8,14,2}",1s2 2s2 2p6 3s2 3p6 4s2 3d6,[Ar] 3d6 4s2,14.785,1.83,"{762.5,1561.9,2957,5290,7240,9560,12060,14580,22540,25290,28000,31920,34830,37840,44100,47206,122200,131000,140500,152600,163000,173600,188100,195200,851800,895161}",e06633,d
27,Co,Cobalt,Кобальт,твердый блестящий серый металл,58.9331944,3200,transition metal,8.9,Georg Brandt,1768,24.81,,4,9,Solid,https://en.wikipedia.org/wiki/Cobalt,/chemistry/elements/co/027-co-cobalt-bohr.png,/chemistry/elements/co/027-co-cobalt-spectral.png,"В природе кобальт встречается рядом с никелем и железом и заметен как следовой, но функционально важный элемент. Для него характерны магнитные свойства, каталитическая активность и устойчивые комплексные соединения. Поэтому кобальт важен для аккумуляторов, сверхсплавов, катализаторов и работы витамина B12 в живых организмах.",9,4,23,4,"{2,8,15,2}",1s2 2s2 2p6 3s2 3p6 4s2 3d7,[Ar] 3d7 4s2,63.898,1.88,"{760.4,1648,3232,4950,7670,9840,12440,15230,17959,26570,29400,32400,36600,39700,42800,49396,52737,134810,145170,154700,167400,178100,189300,204500,214100,920870,966023}",f090a0,d
28,Ni,Nickel,Никель,"блестящий, металлический и серебряный с золотым оттенком",58.69344,3003,transition metal,8.908,Axel Fredrik Cronstedt,1728,26.07,,4,10,Solid,https://en.wikipedia.org/wiki/Nickel,/chemistry/elements/ni/028-ni-nickel-bohr.png,/chemistry/elements/ni/028-ni-nickel-spectral.png,"В природе никель связан с ультраосновными породами, метеоритным веществом и рядом ферментных систем. Он проявляет каталитическую активность, устойчивость в сплавах и способность к формированию прочных металлических структур. Благодаря этому никель важен для нержавеющих материалов, электрохимии, катализа водорода и высокотемпературной техники.",10,4,24,4,"{2,8,16,2}",1s2 2s2 2p6 3s2 3p6 4s2 3d8,[Ar] 3d8 4s2,111.65,1.91,"{737.1,1753,3395,5300,7339,10400,12800,15600,18600,21670,30970,34000,37100,41500,44800,48100,55101,58570,148700,159000,169400,182700,194000,205600,221400,231490,992718,1039668}",50d050,d
29,Cu,Copper,Медь,красно-оранжевый металлический блеск,63.5463,2835,transition metal,8.96,Middle East,1357.77,24.44,,4,11,Solid,https://en.wikipedia.org/wiki/Copper,/chemistry/elements/cu/029-cu-copper-bohr.png,/chemistry/elements/cu/029-cu-copper-spectral.png,"В природе медь участвует в рудных системах и биохимии как элемент, хорошо проводящий заряд и переносящий электроны. Она сравнительно легко переходит между двумя распространёнными состояниями окисления и образует множество комплексов. Поэтому медь незаменима для проводников, теплообмена, антимикробных поверхностей, сплавов и ферментных процессов.",11,4,25,4,"{2,8,18,1}",1s2 2s2 2p6 3s2 3p6 4s1 3d10,[Ar] 3d10 4s1,119.235,1.9,"{745.5,1957.9,3555,5536,7700,9900,13400,16000,19200,22400,25600,35600,38700,42000,46700,50200,53700,61100,64702,163700,174100,184900,198800,210500,222700,239100,249660,1067358,1116105}",c88033,d
30,Zn,Zinc,Цинк,серебристо-серый,65.382,1180,transition metal,7.14,India,692.68,25.47,,4,12,Solid,https://en.wikipedia.org/wiki/Zinc,/chemistry/elements/zn/030-zn-zinc-bohr.png,/chemistry/elements/zn/030-zn-zinc-spectral.png,"В природе цинк широко рассеян в рудах и живых тканях, где работает как незаметный, но необходимый микроэлемент. Он обычно не участвует в переносе электронов напрямую, зато стабилизирует структуры белков и защитные покрытия. Поэтому цинк важен для иммунитета, ферментов, оцинковки, латуней и тонкой химии материалов.",12,4,26,4,"{2,8,18,2}",1s2 2s2 2p6 3s2 3p6 4s2 3d10,[Ar] 3d10 4s2,-58,1.65,"{906.4,1733.3,3833,5731,7970,10400,12900,16800,19600,23000,26400,29990,40490,43800,47300,52300,55900,59700,67300,71200,179100}",7d80b0,d
31,Ga,Gallium,Галлий,серебристо-белый,69.7231,2673,post-transition metal,5.91,Lecoq de Boisbaudran,302.9146,25.86,,4,13,Solid,https://en.wikipedia.org/wiki/Gallium,/chemistry/elements/ga/031-ga-gallium-bohr.png,/chemistry/elements/ga/031-ga-gallium-spectral.png,"В природе галлий встречается в следовых количествах в рудах алюминия и цинка и редко образует собственные месторождения. Его поведение особенно ценно в полупроводниковых соединениях и прецизионных электронных системах. Поэтому галлий важен для светодиодов, СВЧ-электроники, солнечных элементов и материалов, где нужна точная настройка зонной структуры.",13,4,27,4,"{2,8,18,3}",1s2 2s2 2p6 3s2 3p6 4s2 3d10 4p1,[Ar] 3d10 4s2 4p1,41,1.81,"{578.8,1979.3,2963,6180}",c28f8f,p
32,Ge,Germanium,Германий,серовато-белый,72.6308,3106,metalloid,5.323,Clemens Winkler,1211.4,23.222,,4,14,Solid,https://en.wikipedia.org/wiki/Germanium,/chemistry/elements/ge/032-ge-germanium-bohr.png,/chemistry/elements/ge/032-ge-germanium-spectral.png,"В природе германий рассеян в сульфидных рудах и углях и занимает промежуточное положение между металлом и неметаллом. Он образует ковалентные структуры с полезными электронными свойствами и работает в специальных оптических средах. Поэтому германий важен для инфракрасной оптики, полупроводников, волоконной техники и детекторов излучения.",14,4,28,4,"{2,8,18,4}",1s2 2s2 2p6 3s2 3p6 4s2 3d10 4p2,[Ar] 3d10 4s2 4p2,118.9352,2.01,"{762,1537.5,3302.1,4411,9020}",668f8f,p
33,As,Arsenic,Мышьяк,серый металлик,74.9215956,,metalloid,5.727,Bronze Age,,24.64,,4,15,Solid,https://en.wikipedia.org/wiki/Arsenic,/chemistry/elements/as/033-as-arsenic-bohr.png,/chemistry/elements/as/033-as-arsenic-spectral.png,"В природе мышьяк встречается в рудах и гидротермальных системах, часто сопутствуя сере и металлам. Он легко входит в соединения разной химической природы и заметно влияет на биологические и геохимические процессы. Поэтому мышьяк важен и как объект экологического контроля, и как компонент специализированной электроники, стекла и материаловедения.",15,4,29,4,"{2,8,18,5}",1s2 2s2 2p6 3s2 3p6 4s2 3d10 4p3,[Ar] 3d10 4s2 4p3,77.65,2.18,"{947,1798,2735,4837,6043,12310}",bd80e3,p
34,Se,Selenium,Селен,"черные, красные и серые (без изображения) аллотропы",78.9718,958,polyatomic nonmetal,4.81,Jöns Jakob Berzelius,494,25.363,,4,16,Solid,https://en.wikipedia.org/wiki/Selenium,/chemistry/elements/se/034-se-selenium-bohr.png,/chemistry/elements/se/034-se-selenium-spectral.png,"В природе селен сопровождает серу в рудах и биогеохимических циклах, выступая редким, но значимым микроэлементом. Он легко включается в окислительно-восстановительные процессы и в состав некоторых ферментов. Благодаря этому селен важен для антиоксидантной защиты организма, фотоэлектрических материалов, стекольной химии и точной металлургии.",16,4,30,4,"{2,8,18,6}",1s2 2s2 2p6 3s2 3p6 4s2 3d10 4p4,[Ar] 3d10 4s2 4p4,194.9587,2.55,"{941,2045,2973.7,4144,6590,7880,14990}",ffa100,p
35,Br,Bromine,Бром,,79.904,332,diatomic nonmetal,3.1028,Antoine Jérôme Balard,265.8,,,4,17,Liquid,https://en.wikipedia.org/wiki/Bromine,/chemistry/elements/br/035-br-bromine-bohr.png,/chemistry/elements/br/035-br-bromine-spectral.png,"В природе бром концентрируется в рассолах и морской воде и играет роль подвижного галогена в солевых системах. Он активно вступает в реакции замещения и присоединения, образуя множество органических и неорганических соединений. Поэтому бром важен для тонкого синтеза, специальных реагентов, водной химии и ряда фармацевтических направлений.",17,4,31,4,"{2,8,18,7}",1s2 2s2 2p6 3s2 3p6 4s2 3d10 4p5,[Ar] 3d10 4s2 4p5,324.537,2.96,"{1139.9,2103,3470,4560,5760,8550,9940,18600}",a62929,p
36,Kr,Krypton,Криптон,"бесцветный газ, светящийся в сильном электрическом поле белесым светом.",83.7982,119.93,noble gas,3.749,William Ramsay,115.78,,,4,18,Gas,https://en.wikipedia.org/wiki/Krypton,/chemistry/elements/kr/036-kr-krypton-bohr.png,/chemistry/elements/kr/036-kr-krypton-spectral.png,"Во Вселенной криптон остаётся редким инертным компонентом, почти не вовлечённым в обычную химию вещества. Его ключевое поведение связано с химической пассивностью и характерным свечением в электрическом поле. Поэтому криптон нужен для осветительных систем, лазеров, специальных атмосфер и измерительных технологий высокой точности.",18,4,32,4,"{2,8,18,8}",1s2 2s2 2p6 3s2 3p6 4s2 3d10 4p6,[Ar] 3d10 4s2 4p6,-96,3,"{1350.8,2350.4,3565,5070,6240,7570,10710,12138,22274,25880,29700,33800,37700,43100,47500,52200,57100,61800,75800,80400,85300,90400,96300,101400,111100,116290,282500,296200,311400,326200}",5cb8d1,p
37,Rb,Rubidium,Рубидий,серый белый,85.46783,961,alkali metal,1.532,Robert Bunsen,312.45,31.06,,5,1,Solid,https://en.wikipedia.org/wiki/Rubidium,/chemistry/elements/rb/037-rb-rubidium-bohr.png,/chemistry/elements/rb/037-rb-rubidium-spectral.png,"В природе рубидий присутствует как рассеянный спутник калия в минералах и солевых системах. Он легко образует ионные соединения и проявляет высокую реакционную подвижность в химических процессах. Поэтому рубидий важен прежде всего для точных физических приборов, атомных стандартов, фотоэмиссионных систем и специализированных исследований.",1,5,1,5,"{2,8,18,8,1}",1s2 2s2 2p6 3s2 3p6 4s2 3d10 4p6 5s1,[Kr] 5s1,46.884,0.82,"{403,2633,3860,5080,6850,8140,9570,13120,14500,26740}",702eb0,s
38,Sr,Strontium,Стронций,,87.621,1650,alkaline earth metal,2.64,William Cruickshank (chemist),1050,26.4,,5,2,Solid,https://en.wikipedia.org/wiki/Strontium,/chemistry/elements/sr/038-sr-strontium-bohr.png,/chemistry/elements/sr/038-sr-strontium-spectral.png,"В природе стронций сопровождает кальций в минералах и может встраиваться в биогенные и геохимические циклы. Он образует характерные соли и влияет на оптические и пиротехнические эффекты соединений. Благодаря этому стронций важен для материаловедения, керамики, специальных стёкол, сигналов в фейерверках и некоторых медицинских применений.",2,5,2,5,"{2,8,18,8,2}",1s2 2s2 2p6 3s2 3p6 4s2 3d10 4p6 5s2,[Kr] 5s2,5.023,0.95,"{549.5,1064.2,4138,5500,6910,8760,10230,11800,15600,17100,31270}",00ff00,s
39,Y,Yttrium,Иттрий,серебристо-белый,88.905842,3203,transition metal,4.472,Johan Gadolin,1799,26.53,,5,3,Solid,https://en.wikipedia.org/wiki/Yttrium,/chemistry/elements/y/039-y-yttrium-bohr.png,/chemistry/elements/y/039-y-yttrium-spectral.png,"В природе иттрий связан с редкоземельными минералами и служит важным спутником лантаноидов. Его соединения хорошо встраиваются в кристаллические решётки и позволяют тонко настраивать оптические и структурные свойства материалов. Поэтому иттрий важен для люминофоров, лазеров, керамик, сверхпроводящих систем и жаростойких покрытий.",3,5,17,5,"{2,8,18,9,2}",1s2 2s2 2p6 3s2 3p6 4s2 3d10 4p6 5s2 4d1,[Kr] 4d1 5s2,29.6,1.22,"{600,1180,1980,5847,7430,8970,11190,12450,14110,18400,19900,36090}",94ffff,d
40,Zr,Zirconium,Цирконий,серебристо-белый,91.2242,4650,transition metal,6.52,Martin Heinrich Klaproth,2128,25.36,,5,4,Solid,https://en.wikipedia.org/wiki/Zirconium,/chemistry/elements/zr/040-zr-zirconium-bohr.png,/chemistry/elements/zr/040-zr-zirconium-spectral.png,"В природе цирконий прочно связан с устойчивыми минералами и остаётся важным индикатором глубинных геологических процессов. Он образует очень стойкие оксидные и силикатные структуры и слабо реагирует во многих средах. Поэтому цирконий ценен для ядерной техники, огнеупоров, керамики, стоматологических материалов и коррозионно-стойкого оборудования.",4,5,18,5,"{2,8,18,10,2}",1s2 2s2 2p6 3s2 3p6 4s2 3d10 4p6 5s2 4d2,[Kr] 4d2 5s2,41.806,1.33,"{640.1,1270,2218,3313,7752,9500}",94e0e0,d
41,Nb,Niobium,Ниобий,"серый металлик, голубоватый при окислении",92.906372,5017,transition metal,8.57,Charles Hatchett,2750,24.6,,5,5,Solid,https://en.wikipedia.org/wiki/Niobium,/chemistry/elements/nb/041-nb-niobium-bohr.png,/chemistry/elements/nb/041-nb-niobium-spectral.png,"В природе ниобий встречается в редких рудах и играет заметную роль в специальных металлических системах. Он образует прочные тугоплавкие соединения и заметно улучшает структуру легированных материалов. Поэтому ниобий важен для сверхпроводников, трубных и строительных сталей, жаропрочных сплавов и узлов, работающих под высокой нагрузкой.",5,5,19,5,"{2,8,18,12,1}",1s2 2s2 2p6 3s2 3p6 4s2 3d10 4p6 5s1 4d4,[Kr] 4d4 5s1,88.516,1.6,"{652.1,1380,2416,3700,4877,9847,12100}",73c2c9,d
42,Mo,Molybdenum,Молибден,серый металлик,95.951,4912,transition metal,10.28,Carl Wilhelm Scheele,2896,24.06,,5,6,Solid,https://en.wikipedia.org/wiki/Molybdenum,/chemistry/elements/mo/042-mo-molybdenum-bohr.png,/chemistry/elements/mo/042-mo-molybdenum-spectral.png,"В природе молибден связан с сульфидными рудами и биохимическими ферментами, где участвует в переносе кислорода и электронов. Он активно работает в каталитических и высокотемпературных системах. Поэтому молибден важен для прочных сталей, нефтехимии, катализаторов, смазочных материалов и ферментов азотного обмена.",6,5,20,5,"{2,8,18,13,1}",1s2 2s2 2p6 3s2 3p6 4s2 3d10 4p6 5s1 4d5,[Kr] 4d5 5s1,72.1,2.16,"{684.3,1560,2618,4480,5257,6640.8,12125,13860,15835,17980,20190,22219,26930,29196,52490,55000,61400,67700,74000,80400,87000,93400,98420,104400,121900,127700,133800,139800,148100,154500}",54b5b5,d
43,Tc,Technetium,Технеций,блестящий серый металл,98,4538,transition metal,11,Emilio Segrè,2430,24.27,,5,7,Solid,https://en.wikipedia.org/wiki/Technetium,/chemistry/elements/tc/043-tc-technetium-bohr.png,/chemistry/elements/tc/043-tc-technetium-spectral.png,"В природе технеций почти не накапливается и интересен прежде всего как продукт ядерных превращений. Его поведение определяется радиоактивностью и способностью образовывать химически подвижные соединения в разных средах. Поэтому технеций важен для ядерной медицины, трассировки процессов и понимания миграции радионуклидов в техносфере и природе.",7,5,21,5,"{2,8,18,13,2}",1s2 2s2 2p6 3s2 3p6 4s2 3d10 4p6 5s2 4d5,[Kr] 4d5 5s2,53,1.9,"{702,1470,2850}",3b9e9e,d
44,Ru,Ruthenium,Рутений,серебристо-белый металлик,101.072,4423,transition metal,12.45,Karl Ernst Claus,2607,24.06,,5,8,Solid,https://en.wikipedia.org/wiki/Ruthenium,/chemistry/elements/ru/044-ru-ruthenium-bohr.png,/chemistry/elements/ru/044-ru-ruthenium-spectral.png,"В природе рутений входит в платиновую группу и проявляет себя как редкий, но химически выразительный металл. Он сочетает каталитическую активность, устойчивость и способность улучшать электронные свойства материалов. Благодаря этому рутений важен для катализаторов, электроники, покрытий, химических сенсоров и тонкой настройки сплавов.",8,5,22,5,"{2,8,18,15,1}",1s2 2s2 2p6 3s2 3p6 4s2 3d10 4p6 5s1 4d7,[Kr] 4d7 5s1,100.96,2.2,"{710.2,1620,2747}",248f8f,d
45,Rh,Rhodium,Родий,серебристо-белый металлик,102.905502,3968,transition metal,12.41,William Hyde Wollaston,2237,24.98,,5,9,Solid,https://en.wikipedia.org/wiki/Rhodium,/chemistry/elements/rh/045-rh-rhodium-bohr.png,/chemistry/elements/rh/045-rh-rhodium-spectral.png,"В природе родий встречается в платиновых рудах и служит одним из самых активных благородных катализаторов. Его ключевое поведение связано с высокой селективностью реакций и устойчивостью в тяжёлых химических режимах. Поэтому родий особенно важен для очистки выхлопов, катализа органического синтеза, зеркальных покрытий и точной промышленной химии.",9,5,23,5,"{2,8,18,16,1}",1s2 2s2 2p6 3s2 3p6 4s2 3d10 4p6 5s1 4d8,[Kr] 4d8 5s1,110.27,2.28,"{719.7,1740,2997}",0a7d8c,d
46,Pd,Palladium,Палладий,серебристо-белый,106.421,3236,transition metal,12.023,William Hyde Wollaston,1828.05,25.98,,5,10,Solid,https://en.wikipedia.org/wiki/Palladium,/chemistry/elements/pd/046-pd-palladium-bohr.png,/chemistry/elements/pd/046-pd-palladium-spectral.png,"В природе палладий относится к редким металлам платиновой группы и часто сопровождает никелевые и платиновые руды. Он легко связывает водород и проявляет сильную каталитическую активность на поверхности. Поэтому палладий важен для катализаторов, электроники, водородных технологий, очистки газов и прецизионных контактных материалов.",10,5,24,5,"{2,8,18,18}",1s2 2s2 2p6 3s2 3p6 4s2 3d10 4p6 4d10,[Kr] 4d10,54.24,2.2,"{804.4,1870,3177}",006985,d
47,Ag,Silver,Серебро,блестящий белый металл,107.86822,2435,transition metal,10.49,"unknown, before 5000 BC",1234.93,25.35,,5,11,Solid,https://en.wikipedia.org/wiki/Silver,/chemistry/elements/ag/047-ag-silver-bohr.png,/chemistry/elements/ag/047-ag-silver-spectral.png,"В природе серебро встречается в самородном виде и рудах, соединяя геохимию металлов с высокой электрической проводимостью. Оно сравнительно легко образует комплексы и проявляет заметный антимикробный эффект. Поэтому серебро важно для электроники, контактов, оптики, катализа, медицинских покрытий и материалов с особыми поверхностными свойствами.",11,5,25,5,"{2,8,18,18,1}",1s2 2s2 2p6 3s2 3p6 4s2 3d10 4p6 5s1 4d10,[Kr] 4d10 5s1,125.862,1.93,"{731,2070,3361}",c0c0c0,d
48,Cd,Cadmium,Кадмий,серебристый голубовато-серый металлик,112.4144,1040,transition metal,8.65,Karl Samuel Leberecht Hermann,594.22,26.02,Isotopes of cadmium,5,12,Solid,https://en.wikipedia.org/wiki/Cadmium,/chemistry/elements/cd/048-cd-cadmium-bohr.png,/chemistry/elements/cd/048-cd-cadmium-spectral.png,"В природе кадмий сопутствует цинку и проявляет себя как токсичный, но технологически значимый рассеянный элемент. Он образует устойчивые соединения и хорошо работает в некоторых электрохимических и светочувствительных системах. Поэтому кадмий важен для специализированных аккумуляторов, пигментов, покрытий и при этом требует строгого экологического контроля.",12,5,26,5,"{2,8,18,18,2}",1s2 2s2 2p6 3s2 3p6 4s2 3d10 4p6 5s2 4d10,[Kr] 4d10 5s2,-68,1.69,"{867.8,1631.4,3616}",ffd98f,d
49,In,Indium,Индий,серебристый блестящий серый,114.8181,2345,post-transition metal,7.31,Ferdinand Reich,429.7485,26.74,,5,13,Solid,https://en.wikipedia.org/wiki/Indium,/chemistry/elements/in/049-in-indium-bohr.png,/chemistry/elements/in/049-in-indium-spectral.png,"В природе индий встречается в следовых количествах рядом с цинковыми и оловянными рудами и редко образует собственные концентрации. Его соединения удобны для прозрачных проводящих и полупроводниковых систем. Поэтому индий важен для экранов, сенсоров, покрытий, фотоэлектроники и устройств, где нужно сочетать проводимость с оптической прозрачностью.",13,5,27,5,"{2,8,18,18,3}",1s2 2s2 2p6 3s2 3p6 4s2 3d10 4p6 5s2 4d10 5p1,[Kr] 4d10 5s2 5p1,37.043,1.78,"{558.3,1820.7,2704,5210}",a67573,p
50,Sn,Tin,Олово,"серебристо-белый (бета, β) или серый (альфа, α)",118.7107,2875,post-transition metal,7.365,"unknown, before 3500 BC",505.08,27.112,,5,14,Solid,https://en.wikipedia.org/wiki/Tin,/chemistry/elements/sn/050-sn-tin-bohr.png,/chemistry/elements/sn/050-sn-tin-spectral.png,"В природе олово связано с касситеритом и давно стало частью материалов, защищающих и соединяющих другие металлы. Оно легко образует сплавы и удобные для пайки поверхности, а также устойчивые соединения в стекольной и химической среде. Поэтому олово важно для электроники, упаковки, припоев, покрытий и современной промышленной сборки.",14,5,28,5,"{2,8,18,18,4}",1s2 2s2 2p6 3s2 3p6 4s2 3d10 4p6 5s2 4d10 5p2,[Kr] 4d10 5s2 5p2,107.2984,1.96,"{708.6,1411.8,2943,3930.3,7456}",668080,p
51,Sb,Antimony,Сурьма,серебристый блестящий серый,121.7601,1908,metalloid,6.697,"unknown, before 3000 BC",903.78,25.23,,5,15,Solid,https://en.wikipedia.org/wiki/Antimony,/chemistry/elements/sb/051-sb-antimony-bohr.png,/chemistry/elements/sb/051-sb-antimony-spectral.png,"В природе сурьма встречается в сульфидных рудах и занимает промежуточное положение между металлами и неметаллами. Она влияет на твёрдость сплавов, огнезащитные свойства материалов и поведение полупроводниковых систем. Поэтому сурьма важна для аккумуляторов, антипиренов, специальных сплавов и электронной техники с точной настройкой состава.",15,5,29,5,"{2,8,18,18,5}",1s2 2s2 2p6 3s2 3p6 4s2 3d10 4p6 5s2 4d10 5p3,[Kr] 4d10 5s2 5p3,101.059,2.05,"{834,1594.9,2440,4260,5400,10400}",9e63b5,p
52,Te,Tellurium,Теллур,,127.603,1261,metalloid,6.24,Franz-Joseph Müller von Reichenstein,722.66,25.73,,5,16,Solid,https://en.wikipedia.org/wiki/Tellurium,/chemistry/elements/te/052-te-tellurium-bohr.png,/chemistry/elements/te/052-te-tellurium-spectral.png,"В природе теллур редок и часто связан с рудами благородных металлов, где выступает геохимической редкостью с яркими свойствами. Он образует соединения, полезные для термоэлектрических и полупроводниковых процессов. Благодаря этому теллур важен для солнечных элементов, оптики, сплавов и технологий, преобразующих тепло и свет в электричество.",16,5,30,5,"{2,8,18,18,6}",1s2 2s2 2p6 3s2 3p6 4s2 3d10 4p6 5s2 4d10 5p4,[Kr] 4d10 5s2 5p4,190.161,2.1,"{869.3,1790,2698,3610,5668,6820,13200}",d47a00,p
53,I,Iodine,Йод,"блестящий серый металлик, фиолетовый как газ",126.904473,457.4,diatomic nonmetal,4.933,Bernard Courtois,386.85,,,5,17,Solid,https://en.wikipedia.org/wiki/Iodine,/chemistry/elements/i/053-i-iodine-bohr.png,/chemistry/elements/i/053-i-iodine-spectral.png,"В природе йод циркулирует между океаном, атмосферой и живыми организмами как редкий, но биологически значимый галоген. Он легко входит в органические молекулы и мягко участвует в окислительно-восстановительных реакциях. Поэтому йод фундаментален для гормонов щитовидной железы, антисептики, аналитики и тонкого химического синтеза.",17,5,31,5,"{2,8,18,18,7}",1s2 2s2 2p6 3s2 3p6 4s2 3d10 4p6 5s2 4d10 5p5,[Kr] 4d10 5s2 5p5,295.1531,2.66,"{1008.4,1845.9,3180}",940094,p
54,Xe,Xenon,Ксенон,"бесцветный газ, светящийся синим светом при помещении в электрическое поле высокого напряжения.",131.2936,165.051,noble gas,5.894,William Ramsay,161.4,,,5,18,Gas,https://en.wikipedia.org/wiki/Xenon,/chemistry/elements/xe/054-xe-xenon-bohr.png,/chemistry/elements/xe/054-xe-xenon-spectral.png,"Во Вселенной и в атмосфере ксенон существует как редкий благородный газ с необычно богатой физикой возбуждённых состояний. Он в целом инертен, но под особыми условиями способен образовывать соединения и эффективно излучать свет. Поэтому ксенон важен для ламп, ионных двигателей, анестезии, детекторов и высокоточных физических установок.",18,5,32,5,"{2,8,18,18,8}",1s2 2s2 2p6 3s2 3p6 4s2 3d10 4p6 5s2 4d10 5p6,[Kr] 4d10 5s2 5p6,-77,2.6,"{1170.4,2046.4,3099.4}",429eb0,p
55,Cs,Cesium,Цезий,серебристое золото,132.905451966,944,alkali metal,1.93,Robert Bunsen,301.7,32.21,,6,1,Solid,https://en.wikipedia.org/wiki/Cesium,/chemistry/elements/cs/055-cs-cesium-bohr.png,/chemistry/elements/cs/055-cs-cesium-spectral.png,"В природе цезий встречается в редких минералах и соляных системах как один из наиболее химически подвижных щелочных металлов. Он легко и быстро образует ионные соединения и сильно реагирует в электрохимических процессах. Поэтому цезий особенно важен для атомных часов, вакуумной электроники, чувствительных датчиков и прецизионных измерений времени.",1,6,1,6,"{2,8,18,18,8,1}",1s2 2s2 2p6 3s2 3p6 4s2 3d10 4p6 5s2 4d10 5p6 6s1,[Xe] 6s1,45.505,0.79,"{375.7,2234.3,3400}",57178f,s
56,Ba,Barium,Барий,,137.3277,2118,alkaline earth metal,3.51,Carl Wilhelm Scheele,1000,28.07,,6,2,Solid,https://en.wikipedia.org/wiki/Barium,/chemistry/elements/ba/056-ba-barium-bohr.png,/chemistry/elements/ba/056-ba-barium-spectral.png,"В природе барий связан с тяжёлыми сульфатами и карбонатами и заметен в минералогии и промышленных средах. Его соединения активно влияют на оптические, химические и радиационные свойства материалов. Поэтому барий важен для буровых растворов, специальных стёкол, пьезоматериалов, вакуумной техники и контрастных медицинских составов.",2,6,2,6,"{2,8,18,18,8,2}",1s2 2s2 2p6 3s2 3p6 4s2 3d10 4p6 5s2 4d10 5p6 6s2,[Xe] 6s2,13.954,0.89,"{502.9,965.2,3600}",00c900,s
57,La,Lanthanum,Лантан,серебристо-белый,138.905477,3737,lanthanide,6.162,Carl Gustaf Mosander,1193,27.11,,6,3,Solid,https://en.wikipedia.org/wiki/Lanthanum,/chemistry/elements/la/057-la-lanthanum-bohr.png,/chemistry/elements/la/057-la-lanthanum-spectral.png,"В природе лантан встречается в редкоземельных минералах и открывает семейство элементов, важных для современной высокотехнологичной химии. Он охотно образует координационные соединения и влияет на каталитические и оптические свойства материалов. Поэтому лантан нужен для оптики, аккумуляторов, катализаторов и керамик с управляемой структурой.",3,9,3,6,"{2,8,18,18,9,2}",1s2 2s2 2p6 3s2 3p6 4s2 3d10 4p6 5s2 4d10 5p6 6s2 5d1,[Xe] 5d16s2,53,1.1,"{538.1,1067,1850.3,4819,5940}",70d4ff,f
58,Ce,Cerium,Церий,серебристо-белый,140.1161,3716,lanthanide,6.77,Martin Heinrich Klaproth,1068,26.94,,6,3,Solid,https://en.wikipedia.org/wiki/Cerium,/chemistry/elements/ce/058-ce-cerium-bohr.png,/chemistry/elements/ce/058-ce-cerium-spectral.png,"В природе церий один из самых доступных лантаноидов и заметный участник редкоземельной геохимии. Он легко переключается между двумя устойчивыми состояниями окисления и потому особенно полезен в окислительно-восстановительных циклах. Благодаря этому церий важен для катализаторов, полировальных материалов, стекольной химии и экологических систем очистки.",4,9,4,6,"{2,8,18,19,9,2}",1s2 2s2 2p6 3s2 3p6 4s2 3d10 4p6 5s2 4d10 5p6 6s2 5d1 4f1,[Xe] 4f1 5d1 6s2,55,1.12,"{534.4,1050,1949,3547,6325,7490}",ffffc7,f
59,Pr,Praseodymium,Празеодим,серовато-белый,140.907662,3403,lanthanide,6.77,Carl Auer von Welsbach,1208,27.2,,6,3,Solid,https://en.wikipedia.org/wiki/Praseodymium,/chemistry/elements/pr/059-pr-praseodymium-bohr.png,/chemistry/elements/pr/059-pr-praseodymium-spectral.png,"В природе празеодим сопровождает другие редкоземельные элементы и участвует в формировании спектральных и магнитных свойств минералов. Его соединения хорошо работают в оптических и магнитных материалах. Поэтому празеодим важен для сильных магнитов, специальных стёкол, лазерных сред и сплавов, где требуется точная настройка функциональности.",5,9,5,6,"{2,8,18,21,8,2}",1s2 2s2 2p6 3s2 3p6 4s2 3d10 4p6 5s2 4d10 5p6 6s2 4f3,[Xe] 4f3 6s2,93,1.13,"{527,1020,2086,3761,5551}",d9ffc7,f
60,Nd,Neodymium,Неодим,серебристо-белый,144.2423,3347,lanthanide,7.01,Carl Auer von Welsbach,1297,27.45,,6,3,Solid,https://en.wikipedia.org/wiki/Neodymium,/chemistry/elements/nd/060-nd-neodymium-bohr.png,/chemistry/elements/nd/060-nd-neodymium-spectral.png,"В природе неодим входит в редкоземельные руды и играет особую роль в магнитных свойствах современных материалов. Он образует соединения, позволяющие создавать очень сильные постоянные магниты и яркие оптические среды. Поэтому неодим критически важен для электродвигателей, ветрогенераторов, наушников, лазеров и компактной силовой электроники.",6,9,6,6,"{2,8,18,22,8,2}",1s2 2s2 2p6 3s2 3p6 4s2 3d10 4p6 5s2 4d10 5p6 6s2 4f4,[Xe] 4f4 6s2,184.87,1.14,"{533.1,1040,2130,3900}",c7ffc7,f
61,Pm,Promethium,Прометий,металлический,145,3273,lanthanide,7.26,Chien Shiung Wu,1315,,Isotopes of promethium,6,3,Solid,https://en.wikipedia.org/wiki/Promethium,/chemistry/elements/pm/061-pm-promethium-bohr.png,/chemistry/elements/pm/061-pm-promethium-spectral.png,"В природе прометий практически не накапливается и рассматривается как редкий продукт ядерных превращений, а не как обычный геохимический элемент. Его ключевое поведение связано с радиоактивностью и энергетическим распадом. Поэтому прометий важен для специализированных источников излучения, автономных приборов и исследований пределов устойчивости вещества.",7,9,7,6,"{2,8,18,23,8,2}",1s2 2s2 2p6 3s2 3p6 4s2 3d10 4p6 5s2 4d10 5p6 6s2 4f5,[Xe] 4f5 6s2,12.45,1.13,"{540,1050,2150,3970}",a3ffc7,f
62,Sm,Samarium,Самарий,серебристо-белый,150.362,2173,lanthanide,7.52,Lecoq de Boisbaudran,1345,29.54,,6,3,Solid,https://en.wikipedia.org/wiki/Samarium,/chemistry/elements/sm/062-sm-samarium-bohr.png,/chemistry/elements/sm/062-sm-samarium-spectral.png,"В природе самарий сопровождает лантаноиды в минералах и влияет на магнитные и спектральные свойства редкоземельных систем. Он образует устойчивые соединения и способен работать в материалах с высокой термостабильностью. Поэтому самарий важен для мощных магнитов, управляющих стержней реакторов, люминофоров и специализированной оптоэлектроники.",8,9,8,6,"{2,8,18,24,8,2}",1s2 2s2 2p6 3s2 3p6 4s2 3d10 4p6 5s2 4d10 5p6 6s2 4f6,[Xe] 4f6 6s2,15.63,1.17,"{544.5,1070,2260,3990}",8fffc7,f
63,Eu,Europium,Европий,,151.9641,1802,lanthanide,5.264,Eugène-Anatole Demarçay,1099,27.66,,6,3,Solid,https://en.wikipedia.org/wiki/Europium,/chemistry/elements/eu/063-eu-europium-bohr.png,/chemistry/elements/eu/063-eu-europium-spectral.png,"В природе европий встречается среди лантаноидов и выделяется особенно выразительным люминесцентным поведением соединений. Он сравнительно легко меняет валентное состояние и эффективно формирует светящиеся центры в кристаллах. Благодаря этому европий важен для экранов, LED-люминофоров, защитных меток и материалов, где нужна чистая красная или синяя эмиссия.",9,9,9,6,"{2,8,18,25,8,2}",1s2 2s2 2p6 3s2 3p6 4s2 3d10 4p6 5s2 4d10 5p6 6s2 4f7,[Xe] 4f7 6s2,11.2,1.2,"{547.1,1085,2404,4120}",61ffc7,f
64,Gd,Gadolinium,Гадолиний,серебристо-белый,157.253,3273,lanthanide,7.9,Jean Charles Galissard de Marignac,1585,37.03,,6,3,Solid,https://en.wikipedia.org/wiki/Gadolinium,/chemistry/elements/gd/064-gd-gadolinium-bohr.png,/chemistry/elements/gd/064-gd-gadolinium-spectral.png,"В природе гадолиний присутствует в редкоземельных рудах и заметен сильным откликом на магнитное поле. Его соединения активно взаимодействуют со спинами и хорошо проявляют себя в магнитных и нейтронных процессах. Поэтому гадолиний важен для МРТ-контрастов, нейтронного захвата, магнитного охлаждения и функциональных керамик.",10,9,10,6,"{2,8,18,25,9,2}",1s2 2s2 2p6 3s2 3p6 4s2 3d10 4p6 5s2 4d10 5p6 6s2 4f7 5d1,[Xe] 4f7 5d1 6s2,13.22,1.2,"{593.4,1170,1990,4250}",45ffc7,f
65,Tb,Terbium,Тербий,серебристо-белый,158.925352,3396,lanthanide,8.23,Carl Gustaf Mosander,1629,28.91,,6,3,Solid,https://en.wikipedia.org/wiki/Terbium,/chemistry/elements/tb/065-tb-terbium-bohr.png,/chemistry/elements/tb/065-tb-terbium-spectral.png,"В природе тербий сопровождает другие редкие земли и используется там, где важны тонкие эффекты свечения и магнитного отклика. Его соединения эффективно создают зелёную люминесценцию и изменяют свойства магнитострикционных материалов. Поэтому тербий важен для дисплеев, датчиков, исполнительных элементов и специальных оптических покрытий.",11,9,11,6,"{2,8,18,27,8,2}",1s2 2s2 2p6 3s2 3p6 4s2 3d10 4p6 5s2 4d10 5p6 6s2 4f9,[Xe] 4f9 6s2,112.4,1.1,"{565.8,1110,2114,3839}",30ffc7,f
66,Dy,Dysprosium,Диспрозий,серебристо-белый,162.5001,2840,lanthanide,8.54,Lecoq de Boisbaudran,1680,27.7,,6,3,Solid,https://en.wikipedia.org/wiki/Dysprosium,/chemistry/elements/dy/066-dy-dysprosium-bohr.png,/chemistry/elements/dy/066-dy-dysprosium-spectral.png,"В природе диспрозий присутствует в редкоземельных минералах и особенно ценится в материалах, работающих в сильных магнитных режимах. Он усиливает устойчивость магнитов к нагреву и влияет на магнитокристаллическую анизотропию. Поэтому диспрозий важен для электромоторов, приводов, лазеров и высоконагруженных магнитных систем современной техники.",12,9,12,6,"{2,8,18,28,8,2}",1s2 2s2 2p6 3s2 3p6 4s2 3d10 4p6 5s2 4d10 5p6 6s2 4f10,[Xe] 4f10 6s2,33.96,1.22,"{573,1130,2200,3990}",1fffc7,f
67,Ho,Holmium,Гольмий,серебристо-белый,164.930332,2873,lanthanide,8.79,Marc Delafontaine,1734,27.15,,6,3,Solid,https://en.wikipedia.org/wiki/Holmium,/chemistry/elements/ho/067-ho-holmium-bohr.png,/chemistry/elements/ho/067-ho-holmium-spectral.png,"В природе гольмий встречается вместе с другими лантаноидами и интересен ярко выраженными магнитными и спектральными свойствами. Его соединения хорошо поглощают определённые диапазоны излучения и встраиваются в оптические среды. Поэтому гольмий важен для лазеров, магнитных исследований, калибровочных фильтров и специальных материалов фотоники.",13,9,13,6,"{2,8,18,29,8,2}",1s2 2s2 2p6 3s2 3p6 4s2 3d10 4p6 5s2 4d10 5p6 6s2 4f11,[Xe] 4f11 6s2,32.61,1.23,"{581,1140,2204,4100}",00ff9c,f
68,Er,Erbium,Эрбий,серебристо-белый,167.2593,3141,lanthanide,9.066,Carl Gustaf Mosander,1802,28.12,,6,3,Solid,https://en.wikipedia.org/wiki/Erbium,/chemistry/elements/er/068-er-erbium-bohr.png,/chemistry/elements/er/068-er-erbium-spectral.png,"В природе эрбий входит в редкоземельные минералы и играет заметную роль в телекоммуникационной фотонике. Его ионы эффективно излучают в диапазоне, удобном для передачи сигнала по оптоволокну. Поэтому эрбий важен для волоконных усилителей, лазеров, розовых стекол и материалов, где требуется контролируемое инфракрасное свечение.",14,9,14,6,"{2,8,18,30,8,2}",1s2 2s2 2p6 3s2 3p6 4s2 3d10 4p6 5s2 4d10 5p6 6s2 4f12,[Xe] 4f12 6s2,30.1,1.24,"{589.3,1150,2194,4120}",00e675,f
69,Tm,Thulium,Тулий,серебристо-серый,168.934222,2223,lanthanide,9.32,Per Teodor Cleve,1818,27.03,,6,3,Solid,https://en.wikipedia.org/wiki/Thulium,/chemistry/elements/tm/069-tm-thulium-bohr.png,/chemistry/elements/tm/069-tm-thulium-spectral.png,"В природе тулий относится к наиболее редким лантаноидам и обычно сопровождает тяжёлые редкоземельные руды. Он проявляет интересные спектральные переходы и подходит для специализированных источников излучения. Поэтому тулий важен для медицинских и научных лазеров, портативных рентгеновских источников и точных оптических технологий.",15,9,15,6,"{2,8,18,31,8,2}",1s2 2s2 2p6 3s2 3p6 4s2 3d10 4p6 5s2 4d10 5p6 6s2 4f13,[Xe] 4f13 6s2,99,1.25,"{596.7,1160,2285,4120}",00d452,f
70,Yb,Ytterbium,Иттербий,,173.0451,1469,lanthanide,6.9,Jean Charles Galissard de Marignac,1097,26.74,,6,3,Solid,https://en.wikipedia.org/wiki/Ytterbium,/chemistry/elements/yb/070-yb-ytterbium-bohr.png,/chemistry/elements/yb/070-yb-ytterbium-spectral.png,"Редкий элемент земной коры, образующий прочные ковалентные связи и сохраняющий устойчивость в ряде условий. Используется в жёстких сплавах, точной технике и конструкциях, где требуется высокая стабильность и прозрачность для рентгеновского излучения.",16,9,16,6,"{2,8,18,32,8,2}",1s2 2s2 2p6 3s2 3p6 4s2 3d10 4p6 5s2 4d10 5p6 6s2 4f14,[Xe] 4f14 6s2,-1.93,1.1,"{603.4,1174.8,2417,4203}",00bf38,f
71,Lu,Lutetium,Лютеций,серебристо-белый,174.96681,3675,lanthanide,9.841,Georges Urbain,1925,26.86,,6,3,Solid,https://en.wikipedia.org/wiki/Lutetium,/chemistry/elements/lu/071-lu-lutetium-bohr.png,/chemistry/elements/lu/071-lu-lutetium-spectral.png,"В природе лютеций завершает ряд лантаноидов и встречается как редкий компонент тяжёлых редкоземельных минералов. Его соединения отличаются высокой структурной стабильностью и полезны в точных функциональных материалах. Поэтому лютеций важен для сцинтилляторов, позитронной томографии, катализаторов и исследований предельно компактных ионов в кристаллах.",17,9,17,6,"{2,8,18,32,9,2}",1s2 2s2 2p6 3s2 3p6 4s2 3d10 4p6 5s2 4d10 5p6 6s2 4f14 5d1,[Xe] 4f14 5d1 6s2,33.4,1.27,"{523.5,1340,2022.3,4370,6445}",00ab24,d
72,Hf,Hafnium,Гафний,стальной серый,178.492,4876,transition metal,13.31,Dirk Coster,2506,25.73,,6,4,Solid,https://en.wikipedia.org/wiki/Hafnium,/chemistry/elements/hf/072-hf-hafnium-bohr.png,/chemistry/elements/hf/072-hf-hafnium-spectral.png,"В природе гафний почти всегда следует за цирконием и проявляет себя в устойчивых минералах и тугоплавких материалах. Он образует очень стойкие оксиды и хорошо работает в средах с высокой нагрузкой. Поэтому гафний важен для микроэлектроники, жаропрочных сплавов, плазменной техники и систем, где нужна надёжность при экстремальном воздействии.",4,6,18,6,"{2,8,18,32,10,2}",1s2 2s2 2p6 3s2 3p6 4s2 3d10 4p6 5s2 4d10 5p6 6s2 4f14 5d2,[Xe] 4f14 5d2 6s2,17.18,1.3,"{658.5,1440,2250,3216}",4dc2ff,d
73,Ta,Tantalum,Тантал,серо-синий,180.947882,5731,transition metal,16.69,Anders Gustaf Ekeberg,3290,25.36,,6,5,Solid,https://en.wikipedia.org/wiki/Tantalum,/chemistry/elements/ta/073-ta-tantalum-bohr.png,/chemistry/elements/ta/073-ta-tantalum-spectral.png,"В природе тантал связан с редкими рудами и известен как один из наиболее химически стойких конструкционных металлов. Его соединения и поверхности сохраняют устойчивость там, где многие материалы быстро разрушаются. Поэтому тантал важен для электроники, имплантов, химического оборудования, конденсаторов и техники с долгим сроком службы.",5,6,19,6,"{2,8,18,32,11,2}",1s2 2s2 2p6 3s2 3p6 4s2 3d10 4p6 5s2 4d10 5p6 6s2 4f14 5d3,[Xe] 4f14 5d3 6s2,31,1.5,"{761,1500}",4da6ff,d
74,W,Tungsten,Вольфрам,"серовато-белый, блестящий",183.841,6203,transition metal,19.25,Carl Wilhelm Scheele,3695,24.27,,6,6,Solid,https://en.wikipedia.org/wiki/Tungsten,/chemistry/elements/w/074-w-tungsten-bohr.png,/chemistry/elements/w/074-w-tungsten-spectral.png,"В природе вольфрам встречается в специальных рудах и выделяется исключительной стойкостью химических связей в твёрдом веществе. Он особенно ценен в условиях сильного нагрева, эрозии и механической нагрузки. Поэтому вольфрам важен для инструментов, нагревателей, твёрдых сплавов, энергетики и узлов, работающих на пределе материаловедения.",6,6,20,6,"{2,8,18,32,12,2}",1s2 2s2 2p6 3s2 3p6 4s2 3d10 4p6 5s2 4d10 5p6 6s2 4f14 5d4,[Xe] 4f14 5d4 6s2,78.76,2.36,"{770,1700}",2194d6,d
75,Re,Rhenium,Рений,серебристо-сероватый,186.2071,5869,transition metal,21.02,Masataka Ogawa,3459,25.48,Walter Noddack,6,7,Solid,https://en.wikipedia.org/wiki/Rhenium,/chemistry/elements/re/075-re-rhenium-bohr.png,/chemistry/elements/re/075-re-rhenium-spectral.png,"В природе рений крайне редок и чаще всего концентрируется как спутник молибденовых и медных руд. Он активно улучшает свойства жаропрочных сплавов и проявляет полезную каталитическую активность. Поэтому рений важен для турбин, нефтехимии, высокотемпературной электроники и технологий, где критична долговечность при экстремальной эксплуатации.",7,6,21,6,"{2,8,18,32,13,2}",1s2 2s2 2p6 3s2 3p6 4s2 3d10 4p6 5s2 4d10 5p6 6s2 4f14 5d5,[Xe] 4f14 5d5 6s2,5.8273,1.9,"{760,1260,2510,3640}",267dab,d
76,Os,Osmium,Осмий,"серебристый, синий оттенок",190.233,5285,transition metal,22.59,Smithson Tennant,3306,24.7,,6,8,Solid,https://en.wikipedia.org/wiki/Osmium,/chemistry/elements/os/076-os-osmium-bohr.png,/chemistry/elements/os/076-os-osmium-spectral.png,"В природе осмий входит в платиновую группу и участвует в геохимии самых устойчивых металлических фаз. Он проявляет выдающуюся химическую и механическую стойкость, а его соединения могут быть очень реакционноспособны. Поэтому осмий важен для специальных сплавов, твёрдых наконечников, каталитики и научных задач, связанных с благородными металлами.",8,6,22,6,"{2,8,18,32,14,2}",1s2 2s2 2p6 3s2 3p6 4s2 3d10 4p6 5s2 4d10 5p6 6s2 4f14 5d6,[Xe] 4f14 5d6 6s2,103.99,2.2,"{840,1600}",266696,d
77,Ir,Iridium,Иридий,серебристо-белый,192.2173,4403,transition metal,22.56,Smithson Tennant,2719,25.1,,6,9,Solid,https://en.wikipedia.org/wiki/Iridium,/chemistry/elements/ir/077-ir-iridium-bohr.png,/chemistry/elements/ir/077-ir-iridium-spectral.png,"В природе иридий связан с платиновыми рудами и метеоритным веществом, где служит индикатором редких геологических событий. Он отличается исключительной коррозионной стойкостью и сохраняет свойства в тяжёлых химических режимах. Поэтому иридий важен для электродов, высокотемпературных узлов, катализаторов и долговечных контактов в агрессивных средах.",9,6,23,6,"{2,8,18,32,15,2}",1s2 2s2 2p6 3s2 3p6 4s2 3d10 4p6 5s2 4d10 5p6 6s2 4f14 5d7,[Xe] 4f14 5d7 6s2,150.94,2.2,"{880,1600}",175487,d
78,Pt,Platinum,Платина,серебристо-белый,195.0849,4098,transition metal,21.45,Antonio de Ulloa,2041.4,25.86,,6,10,Solid,https://en.wikipedia.org/wiki/Platinum,/chemistry/elements/pt/078-pt-platinum-bohr.png,/chemistry/elements/pt/078-pt-platinum-spectral.png,"В природе платина относится к благородным металлам и участвует в редких рудных системах с высокой геохимической устойчивостью. Её поверхность отлично катализирует многие реакции, оставаясь химически надёжной. Поэтому платина фундаментальна для катализаторов, водородной энергетики, лабораторной техники, медицины и прецизионных электроконтактов.",10,6,24,6,"{2,8,18,32,17,1}",1s2 2s2 2p6 3s2 3p6 4s2 3d10 4p6 5s2 4d10 5p6 6s1 4f14 5d9,[Xe] 4f14 5d9 6s1,205.041,2.28,"{870,1791}",d0d0e0,d
79,Au,Gold,Золото,желтый металлик,196.9665695,3243,transition metal,19.3,Middle East,1337.33,25.418,,6,11,Solid,https://en.wikipedia.org/wiki/Gold,/chemistry/elements/au/079-au-gold-bohr.png,/chemistry/elements/au/079-au-gold-spectral.png,"В природе золото существует как химически стойкий металл, способный долго сохраняться в самородных и переработанных формах. Оно слабо вовлекается в коррозию, хорошо проводит заряд и образует тонкие функциональные покрытия. Поэтому золото важно не только для ценности, но и для электроники, контактов, биосовместимых систем и надёжных поверхностей.",11,6,25,6,"{2,8,18,32,18,1}",1s2 2s2 2p6 3s2 3p6 4s2 3d10 4p6 5s2 4d10 5p6 6s1 4f14 5d10,[Xe] 4f14 5d10 6s1,222.747,2.54,"{890.1,1980}",ffd123,d
80,Hg,Mercury,Ртуть,серебристый,200.5923,629.88,transition metal,13.534,"unknown, before 2000 BCE",234.321,27.983,,6,12,Liquid,https://en.wikipedia.org/wiki/Mercury (Element),/chemistry/elements/hg/080-hg-mercury-bohr.png,/chemistry/elements/hg/080-hg-mercury-spectral.png,"В природе ртуть циркулирует между породами, водой и атмосферой, легко переходя в подвижные и экологически значимые формы. Она образует амальгамы и множество соединений, сильно влияющих на биологические системы. Поэтому ртуть важна как для специальных приборов и химии, так и как объект строгого контроля из-за высокой токсикологической значимости.",12,6,26,6,"{2,8,18,32,18,2}",1s2 2s2 2p6 3s2 3p6 4s2 3d10 4p6 5s2 4d10 5p6 6s2 4f14 5d10,[Xe] 4f14 5d10 6s2,-48,2,"{1007.1,1810,3300}",b8b8d0,d
81,Tl,Thallium,Таллий,серебристо-белый,204.38,1746,post-transition metal,11.85,William Crookes,577,26.32,,6,13,Solid,https://en.wikipedia.org/wiki/Thallium,/chemistry/elements/tl/081-tl-thallium-bohr.png,/chemistry/elements/tl/081-tl-thallium-spectral.png,"В природе таллий рассеян по сульфидным рудам и остаётся элементом с заметной химической и биологической опасностью. Он легко входит в ионные и ковалентные соединения, способные вмешиваться в жизненные процессы. Поэтому таллий важен прежде всего для специальных оптических материалов, электроники и токсикологического мониторинга окружающей среды.",13,6,27,6,"{2,8,18,32,18,3}",1s2 2s2 2p6 3s2 3p6 4s2 3d10 4p6 5s2 4d10 5p6 6s2 4f14 5d10 6p1,[Xe] 4f14 5d10 6s2 6p1,36.4,1.62,"{589.4,1971,2878}",a6544d,p
82,Pb,Lead,Свинец,серый металлик,207.21,2022,post-transition metal,11.34,Middle East,600.61,26.65,,6,14,Solid,https://en.wikipedia.org/wiki/Lead_(element),/chemistry/elements/pb/082-pb-lead-bohr.png,/chemistry/elements/pb/082-pb-lead-spectral.png,"В природе свинец широко присутствует в рудах и техногенных системах, оставляя заметный след в геохимии и экологии человека. Он образует устойчивые соединения и хорошо экранирует ионизирующее излучение. Поэтому свинец важен для аккумуляторов, радиационной защиты и конструкционных задач, хотя его применение требует строгого контроля из-за токсичности.",14,6,28,6,"{2,8,18,32,18,4}",1s2 2s2 2p6 3s2 3p6 4s2 3d10 4p6 5s2 4d10 5p6 6s2 4f14 5d10 6p2,[Xe] 4f14 5d10 6s2 6p2,34.4204,1.87,"{715.6,1450.5,3081.5,4083,6640}",575961,p
83,Bi,Bismuth,Висмут,блестящее серебро,208.980401,1837,post-transition metal,9.78,Claude François Geoffroy,544.7,25.52,,6,15,Solid,https://en.wikipedia.org/wiki/Bismuth,/chemistry/elements/bi/083-bi-bismuth-bohr.png,/chemistry/elements/bi/083-bi-bismuth-spectral.png,"В природе висмут сопровождает свинец и другие тяжёлые элементы, но отличается сравнительно более мягким экологическим профилем. Он образует интересные низкоплавкие сплавы и соединения с выраженными электронными эффектами. Поэтому висмут важен для безопасных замен свинца, фармацевтики, термоэлектрики и функциональных кристаллических материалов.",15,6,29,6,"{2,8,18,32,18,5}",1s2 2s2 2p6 3s2 3p6 4s2 3d10 4p6 5s2 4d10 5p6 6s2 4f14 5d10 6p3,[Xe] 4f14 5d10 6s2 6p3,90.924,2.02,"{703,1610,2466,4370,5400,8520}",9e4fb5,p
84,Po,Polonium,Полоний,серебристый,209,1235,post-transition metal,9.196,Pierre Curie,527,26.4,,6,16,Solid,https://en.wikipedia.org/wiki/Polonium,/chemistry/elements/po/084-po-polonium-bohr.png,/chemistry/elements/po/084-po-polonium-spectral.png,"В природе полоний встречается лишь как следовый продукт радиоактивных цепочек и почти не образует самостоятельной геохимии. Его поведение определяется сильной радиоактивностью и способностью выделять значительную энергию распада. Поэтому полоний важен главным образом для ядерной науки, специальных источников тепла и изучения радиационных процессов в веществе.",16,6,30,6,"{2,8,18,32,18,6}",1s2 2s2 2p6 3s2 3p6 4s2 3d10 4p6 5s2 4d10 5p6 6s2 4f14 5d10 6p4,[Xe] 4f14 5d10 6s2 6p4,136,2,{812.1},ab5c00,p
85,At,Astatine,Астат,"неизвестно, вероятно, металлический",210,610,metalloid,6.35,Dale R. Corson,575,,,6,17,Solid,https://en.wikipedia.org/wiki/Astatine,/chemistry/elements/at/085-at-astatine-bohr.png,/chemistry/elements/at/085-at-astatine-spectral.png,"В природе астат существует только как крайне редкий промежуточный продукт радиоактивных распадов и почти не накапливается. Он сочетает черты тяжёлого галогена с выраженной нестабильностью ядра. Поэтому астат важен прежде всего для радиофармы, ядерной химии и понимания того, как меняются свойства элементов на границе стабильности.",17,6,31,6,"{2,8,18,32,18,7}",1s2 2s2 2p6 3s2 3p6 4s2 3d10 4p6 5s2 4d10 5p6 6s2 4f14 5d10 6p5,[Xe] 4f14 5d10 6s2 6p5,233,2.2,{899.003},754f45,p
86,Rn,Radon,Радон,"бесцветный газ, иногда светится зеленым или красным в газоразрядных трубках",222,211.5,noble gas,9.73,Friedrich Ernst Dorn,202,,,6,18,Gas,https://en.wikipedia.org/wiki/Radon,/chemistry/elements/rn/086-rn-radon-bohr.png,/chemistry/elements/rn/086-rn-radon-spectral.png,"В природе радон возникает в горных породах как продукт распада тяжёлых элементов и легко мигрирует через трещины и почвы. Химически он сравнительно инертен, но радиационно активен и потому значим в среде обитания. Поэтому радон важен для геомониторинга, оценки рисков в зданиях, гидрогеологии и радиационной экологии.",18,6,32,6,"{2,8,18,32,18,8}",1s2 2s2 2p6 3s2 3p6 4s2 3d10 4p6 5s2 4d10 5p6 6s2 4f14 5d10 6p6,[Xe] 4f14 5d10 6s2 6p6,-68,2.2,{1037},428296,p
87,Fr,Francium,Франций,,223,950,alkali metal,1.87,Marguerite Perey,300,,,7,1,Solid,https://en.wikipedia.org/wiki/Francium,/chemistry/elements/fr/087-fr-francium-bohr.png,/chemistry/elements/fr/087-fr-francium-spectral.png,"В природе франций присутствует лишь в ничтожных количествах как краткоживущий продукт радиоактивных цепочек. По химическому поведению он должен быть очень активным щелочным металлом, но наблюдать это можно только в предельно малых масштабах. Поэтому франций важен почти исключительно для фундаментальных исследований структуры атома и сверхтяжёлой химии.",1,7,1,7,"{2,8,18,32,18,8,1}",1s2 2s2 2p6 3s2 3p6 4s2 3d10 4p6 5s2 4d10 5p6 6s2 4f14 5d10 6p6 7s1,[Rn] 7s1,46.89,0.79,{380},420066,s
88,Ra,Radium,Радий,серебристо-белый металлик,226,2010,alkaline earth metal,5.5,Pierre Curie,1233,,,7,2,Solid,https://en.wikipedia.org/wiki/Radium,/chemistry/elements/ra/088-ra-radium-bohr.png,/chemistry/elements/ra/088-ra-radium-spectral.png,"В природе радий образуется в цепочках распада урана и тория и служит источником сильного ионизирующего воздействия в минералах. Его соединения химически напоминают щёлочноземельные аналоги, но определяются высокой радиоактивностью. Поэтому радий важен для истории радиохимии, калибровок, геологических исследований и оценки радиационных рисков.",2,7,2,7,"{2,8,18,32,18,8,2}",1s2 2s2 2p6 3s2 3p6 4s2 3d10 4p6 5s2 4d10 5p6 6s2 4f14 5d10 6p6 7s2,[Rn] 7s2,9.6485,0.9,"{509.3,979}",007d00,s
89,Ac,Actinium,Актиний,,227,3500,actinide,10,Friedrich Oskar Giesel,1500,27.2,,7,3,Solid,https://en.wikipedia.org/wiki/Actinium,/chemistry/elements/ac/089-ac-actinium-bohr.png,/chemistry/elements/ac/089-ac-actinium-spectral.png,"В природе актиний присутствует как редкий участник радиоактивных рядов и почти не существует вне этих цепочек. Его ключевое поведение определяется радиоактивным распадом и химическим сходством с ранними актинидами. Поэтому актиний важен для ядерной медицины, радиохимии и понимания свойств тяжёлых элементов на границе устойчивости.",3,10,3,7,"{2,8,18,32,18,9,2}",1s2 2s2 2p6 3s2 3p6 4s2 3d10 4p6 5s2 4d10 5p6 6s2 4f14 5d10 6p6 7s2 6d1,[Rn] 6d1 7s2,33.77,1.1,"{499,1170}",70abfa,f
90,Th,Thorium,Торий,"серебристый, часто с черным налетом",232.03774,5061,actinide,11.724,Jöns Jakob Berzelius,2023,26.23,,7,3,Solid,https://en.wikipedia.org/wiki/Thorium,/chemistry/elements/th/090-th-thorium-bohr.png,/chemistry/elements/th/090-th-thorium-spectral.png,"В природе торий встречается в минералах как долгоживущий тяжёлый элемент, способный накапливаться в земной коре. Он образует устойчивые оксидные системы и участвует в ядерных превращениях как перспективное исходное сырьё. Поэтому торий важен для ядерной энергетики, жаростойких материалов, оптики и фундаментальных исследований топливных циклов.",4,10,4,7,"{2,8,18,32,18,10,2}",1s2 2s2 2p6 3s2 3p6 4s2 3d10 4p6 5s2 4d10 5p6 6s2 4f14 5d10 6p6 7s2 6d2,[Rn] 6d2 7s2,112.72,1.3,"{587,1110,1930,2780}",00baff,f
91,Pa,Protactinium,Протактиний,яркий серебристый металлический блеск,231.035882,4300,actinide,15.37,William Crookes,1841,,Otto Hahn,7,3,Solid,https://en.wikipedia.org/wiki/Protactinium,/chemistry/elements/pa/091-pa-protactinium-bohr.png,/chemistry/elements/pa/091-pa-protactinium-spectral.png,"В природе протактиний присутствует в следовых количествах внутри распадных рядов урана и тория и редко выходит за их рамки. Его химия чувствительна к валентному состоянию и к сложному строению актинидных оболочек. Поэтому протактиний важен прежде всего для фундаментальной радиохимии, ядерной геохронологии и моделей поведения тяжёлых элементов.",5,10,5,7,"{2,8,18,32,20,9,2}",1s2 2s2 2p6 3s2 3p6 4s2 3d10 4p6 5s2 4d10 5p6 6s2 4f14 5d10 6p6 7s2 5f2 6d1,[Rn] 5f2 6d1 7s2,53.03,1.5,{568},00a1ff,f
92,U,Uranium,Уран,,238.028913,4404,actinide,19.1,Martin Heinrich Klaproth,1405.3,27.665,,7,3,Solid,https://en.wikipedia.org/wiki/Uranium,/chemistry/elements/u/092-u-uranium-bohr.png,/chemistry/elements/u/092-u-uranium-spectral.png,"В природе уран играет крупную роль в геологии Земли как источник внутреннего тепла и один из главных природных ядерных материалов. Он образует подвижные кислородсодержащие комплексы и участвует в длинных радиационных цепях. Поэтому уран фундаментален для энергетики, геохронологии, радиохимии и понимания эволюции планетного вещества.",6,10,6,7,"{2,8,18,32,21,9,2}",1s2 2s2 2p6 3s2 3p6 4s2 3d10 4p6 5s2 4d10 5p6 6s2 4f14 5d10 6p6 7s2 5f3 6d1,[Rn] 5f3 6d1 7s2,50.94,1.38,"{597.6,1420}",008fff,f
93,Np,Neptunium,Нептуний,серебристый металлик,237,4447,actinide,20.45,Edwin McMillan,912,29.46,,7,3,Solid,https://en.wikipedia.org/wiki/Neptunium,/chemistry/elements/np/093-np-neptunium-bohr.png,/chemistry/elements/np/093-np-neptunium-spectral.png,"В природе нептуний встречается лишь следово, а основное его значение связано с искусственным образованием в ядерных процессах. Он легко меняет валентность и образует химически разнообразные актинидные соединения. Поэтому нептуний важен для ядерного топливного цикла, обращения с отходами и исследований миграции тяжёлых радионуклидов.",7,10,7,7,"{2,8,18,32,22,9,2}",1s2 2s2 2p6 3s2 3p6 4s2 3d10 4p6 5s2 4d10 5p6 6s2 4f14 5d10 6p6 7s2 5f4 6d1,[Rn] 5f4 6d1 7s2,45.85,1.36,{604.5},0080ff,f
94,Pu,Plutonium,Плутоний,"серебристо-белый, на воздухе тускнеет до темно-серого цвета",244,3505,actinide,19.816,Glenn T. Seaborg,912.5,35.5,,7,3,Solid,https://en.wikipedia.org/wiki/Plutonium,/chemistry/elements/pu/094-pu-plutonium-bohr.png,/chemistry/elements/pu/094-pu-plutonium-spectral.png,"В природе плутоний почти не накапливается, зато в техносфере стал одним из ключевых тяжёлых элементов ядерной эпохи. Его поведение определяется сочетанием радиоактивности, множественных валентных состояний и высокой энергетической значимости распада и деления. Поэтому плутоний важен для энергетики, космических источников питания, безопасности и радиохимии.",8,10,8,7,"{2,8,18,32,24,8,2}",1s2 2s2 2p6 3s2 3p6 4s2 3d10 4p6 5s2 4d10 5p6 6s2 4f14 5d10 6p6 7s2 5f6,[Rn] 5f6 7s2,-48.33,1.28,{584.7},006bff,f
95,Am,Americium,Америций,серебристо-белый,243,2880,actinide,12,Glenn T. Seaborg,1449,62.7,,7,3,Solid,https://en.wikipedia.org/wiki/Americium,/chemistry/elements/am/095-am-americium-bohr.png,/chemistry/elements/am/095-am-americium-spectral.png,"В природе америций практически отсутствует и интересен прежде всего как искусственный продукт ядерных превращений. Он образует устойчивые актинидные соединения и служит источником альфа-излучения в компактных системах. Поэтому америций важен для датчиков, ядерной химии, обращения с отходами и изучения поведения тяжёлых элементов в материалах.",9,10,9,7,"{2,8,18,32,25,8,2}",1s2 2s2 2p6 3s2 3p6 4s2 3d10 4p6 5s2 4d10 5p6 6s2 4f14 5d10 6p6 7s2 5f7,[Rn] 5f7 7s2,9.93,1.13,{578},545cf2,f
96,Cm,Curium,Кюрий,"серебристый металлик, светится фиолетовым в темноте",247,3383,actinide,13.51,Glenn T. Seaborg,1613,,,7,3,Solid,https://en.wikipedia.org/wiki/Curium,/chemistry/elements/cm/096-cm-curium-bohr.png,/chemistry/elements/cm/096-cm-curium-spectral.png,"В природе кюрий не играет заметной роли и существует главным образом как искусственно получаемый тяжёлый элемент. Его химия отражает свойства актинидов, а радиоактивность делает его мощным внутренним источником энергии. Поэтому кюрий важен для научных источников тепла, альфа-спектроскопии, синтеза ещё более тяжёлых ядер и радиохимических исследований.",10,10,10,7,"{2,8,18,32,25,9,2}",1s2 2s2 2p6 3s2 3p6 4s2 3d10 4p6 5s2 4d10 5p6 6s2 4f14 5d10 6p6 7s2 5f7 6d1,[Rn] 5f7 6d1 7s2,27.17,1.28,{581},785ce3,f
97,Bk,Berkelium,Берклий,серебристый,247,2900,actinide,14.78,Lawrence Berkeley National Laboratory,1259,,,7,3,Solid,https://en.wikipedia.org/wiki/Berkelium,/chemistry/elements/bk/097-bk-berkelium-bohr.png,/chemistry/elements/bk/097-bk-berkelium-spectral.png,"В природе берклий практически не встречается и служит специализированным материалом для ядерной науки. Его ключевое поведение определяется радиоактивностью и способностью становиться мишенью для синтеза новых элементов. Поэтому берклий важен не для массовой технологии, а для расширения периодической таблицы и проверки моделей строения тяжёлых ядер.",11,10,11,7,"{2,8,18,32,27,8,2}",1s2 2s2 2p6 3s2 3p6 4s2 3d10 4p6 5s2 4d10 5p6 6s2 4f14 5d10 6p6 7s2 5f9,[Rn] 5f9 7s2,-165.24,1.3,{601},8a4fe3,f
98,Cf,Californium,Калифорний,серебристый,251,1743,actinide,15.1,Lawrence Berkeley National Laboratory,1173,,,7,3,Solid,https://en.wikipedia.org/wiki/Californium,/chemistry/elements/cf/098-cf-californium-bohr.png,/chemistry/elements/cf/098-cf-californium-spectral.png,"В природе калифорний отсутствует в значимых количествах и существует как искусственный источник интенсивного нейтронного излучения. Его главное функциональное свойство связано именно с высокой нейтронной отдачей при распаде. Поэтому калифорний важен для запуска реакторов, нейтронной радиографии, анализа материалов и ряда специализированных ядерных применений.",12,10,12,7,"{2,8,18,32,28,8,2}",1s2 2s2 2p6 3s2 3p6 4s2 3d10 4p6 5s2 4d10 5p6 6s2 4f14 5d10 6p6 7s2 5f10,[Rn] 5f10 7s2,-97.31,1.3,{608},a136d4,f
99,Es,Einsteinium,Эйнштейний,серебристый,252,1269,actinide,8.84,Lawrence Berkeley National Laboratory,1133,,,7,3,Solid,https://en.wikipedia.org/wiki/Einsteinium,/chemistry/elements/es/099-es-einsteinium-bohr.png,/chemistry/elements/es/099-es-einsteinium-spectral.png,"В природе эйнштейний практически не присутствует и рассматривается как лабораторный объект для химии сверхтяжёлых актинидов. Его поведение задаётся радиоактивностью и крайне малыми доступными количествами вещества. Поэтому эйнштейний важен главным образом для фундаментальных исследований, калибровки теорий и подготовки мишеней для синтеза новых элементов.",13,10,13,7,"{2,8,18,32,29,8,2}",1s2 2s2 2p6 3s2 3p6 4s2 3d10 4p6 5s2 4d10 5p6 6s2 4f14 5d10 6p6 7s2 5f11,[Rn] 5f11 7s2,-28.6,1.3,{619},b31fd4,f
100,Fm,Fermium,Фермий,,257,,actinide,,Lawrence Berkeley National Laboratory,1800,,,7,3,Solid,https://en.wikipedia.org/wiki/Fermium,/chemistry/elements/fm/100-fm-fermium-bohr.png,,"В природе фермий не имеет практической геохимии и существует только в условиях ядерного синтеза и последующего распада. Он демонстрирует поведение очень тяжёлого актинида, доступного лишь в микроскопических количествах. Поэтому фермий важен для проверки радиохимических методик и понимания предельных свойств вещества в конце актинидного ряда.",14,10,14,7,"{2,8,18,32,30,8,2}",1s2 2s2 2p6 3s2 3p6 4s2 3d10 4p6 5s2 4d10 5p6 6s2 4f14 5d10 6p6 7s2 5f12,[Rn] 5f12 7s2,33.96,1.3,{627},b31fba,f
101,Md,Mendelevium,Менделевий,,258,,actinide,,Lawrence Berkeley National Laboratory,1100,,,7,3,Solid,https://en.wikipedia.org/wiki/Mendelevium,/chemistry/elements/md/101-md-mendelevium-bohr.png,,"В природе менделевий не встречается и интересен почти исключительно как искусственно созданный тяжёлый элемент. Его химия помогает проследить, как меняются свойства актинидов при росте заряда ядра. Поэтому менделевий важен для фундаментальных экспериментов, отработки сверхчувствительных методов и уточнения структуры периодической системы.",15,10,15,7,"{2,8,18,32,31,8,2}",1s2 2s2 2p6 3s2 3p6 4s2 3d10 4p6 5s2 4d10 5p6 6s2 4f14 5d10 6p6 7s2 5f13,[Rn] 5f13 7s2,93.91,1.3,{635},b30da6,f
102,No,Nobelium,Нобелий,,259,,actinide,,Joint Institute for Nuclear Research,1100,,,7,3,Solid,https://en.wikipedia.org/wiki/Nobelium,/chemistry/elements/no/102-no-nobelium-bohr.png,,"В природе нобелий отсутствует и существует лишь как объект единичных ядерных экспериментов. Его ключевое поведение проявляется в очень малых количествах, где особенно ценны даже отдельные акты химической идентификации. Поэтому нобелий важен для фундаментальной химии тяжёлых элементов и проверки теорий электронного строения актинидов.",16,10,16,7,"{2,8,18,32,32,8,2}",1s2 2s2 2p6 3s2 3p6 4s2 3d10 4p6 5s2 4d10 5p6 6s2 4f14 5d10 6p6 7s2 5f14,[Rn] 5f14 7s2,-223.22,1.3,{642},bd0d87,f
103,Lr,Lawrencium,Лоуренсий,,266,,actinide,,Lawrence Berkeley National Laboratory,1900,,,7,3,Solid,https://en.wikipedia.org/wiki/Lawrencium,/chemistry/elements/lr/103-lr-lawrencium-bohr.png,,"В природе лоуренсий не играет роли и известен только как искусственно получаемый финальный представитель актинидного ряда. Его свойства помогают понять, где проходит граница между актинидами и следующими блоками периодической системы. Поэтому лоуренсий важен для предельной атомной химии и моделирования структуры самых тяжёлых элементов.",17,10,17,7,"{2,8,18,32,32,8,3}",1s2 2s2 2p6 3s2 3p6 4s2 3d10 4p6 5s2 4d10 5p6 6s2 4f14 5d10 6p6 7s2 5f14 7p1,[Rn] 5f14 7s2 7p1,-30.04,1.3,{470},c70066,d
104,Rf,Rutherfordium,Резерфордий,,267,5800,transition metal,23.2,Joint Institute for Nuclear Research,2400,,,7,4,Solid,https://en.wikipedia.org/wiki/Rutherfordium,/chemistry/elements/rf/104-rf-rutherfordium-bohr.png,,"В природе резерфордий не существует, а в лаборатории служит ранним представителем сверхтяжёлых переходных элементов. Его химическое поведение проверяет, насколько привычные законы периодичности сохраняются при очень большом заряде ядра. Поэтому резерфордий важен для фундаментальной науки о пределах таблицы и о влиянии релятивистских эффектов на химию.",4,7,18,7,"{2,8,18,32,32,10,2}",1s2 2s2 2p6 3s2 3p6 4s2 3d10 4p6 5s2 4d10 5p6 6s2 4f14 5d10 6p6 7s2 5f14 6d2,[Rn] 5f14 6d2 7s2,,,{580},cc0059,d
105,Db,Dubnium,Дубний,,268,,transition metal,29.3,Joint Institute for Nuclear Research,,,,7,5,Solid,https://en.wikipedia.org/wiki/Dubnium,/chemistry/elements/db/105-db-dubnium-bohr.png,,"В природе дубний отсутствует и изучается только в ускорительных экспериментах как сверхтяжёлый аналог переходных металлов. Его реакции наблюдают по единичным атомам, что делает каждое химическое свойство особенно ценным. Поэтому дубний важен для проверки периодических закономерностей и разработки методов ультрамалой радиохимии.",5,7,19,7,"{2,8,18,32,32,11,2}",1s2 2s2 2p6 3s2 3p6 4s2 3d10 4p6 5s2 4d10 5p6 6s2 4f14 5d10 6p6 7s2 5f14 6d3,*[Rn] 5f14 6d3 7s2,,,{},d1004f,d
106,Sg,Seaborgium,Сиборгий,,269,,transition metal,35,Lawrence Berkeley National Laboratory,,,,7,6,Solid,https://en.wikipedia.org/wiki/Seaborgium,/chemistry/elements/sg/106-sg-seaborgium-bohr.png,,"В природе сиборгий не встречается и рассматривается как лабораторная модель поведения очень тяжёлых d-элементов. Его химия помогает понять, какие свойства сохраняются, а какие меняются под влиянием сильных релятивистских эффектов. Поэтому сиборгий важен для расширения фундаментальной химии и для проверки расчётов сверхтяжёлых атомов.",6,7,20,7,"{2,8,18,32,32,12,2}",1s2 2s2 2p6 3s2 3p6 4s2 3d10 4p6 5s2 4d10 5p6 6s2 4f14 5d10 6p6 7s2 5f14 6d4,*[Rn] 5f14 6d4 7s2,,,{},d90045,d
107,Bh,Bohrium,Борий,,270,,transition metal,37.1,Gesellschaft für Schwerionenforschung,,,,7,7,Solid,https://en.wikipedia.org/wiki/Bohrium,/chemistry/elements/bh/107-bh-bohrium-bohr.png,,"В природе борий отсутствует и существует только как редкий продукт синтеза в ядерных установках. Его ключевое значение связано не с применением, а с возможностью наблюдать химию отдельных атомов на пределе стабильности. Поэтому борий важен для теории сверхтяжёлых элементов, уточнения периодичности и развития сверхчувствительных экспериментальных методов.",7,7,21,7,"{2,8,18,32,32,13,2}",1s2 2s2 2p6 3s2 3p6 4s2 3d10 4p6 5s2 4d10 5p6 6s2 4f14 5d10 6p6 7s2 5f14 6d5,*[Rn] 5f14 6d5 7s2,,,{},e00038,d
108,Hs,Hassium,Хассий,,269,,transition metal,40.7,Gesellschaft für Schwerionenforschung,126,,,7,8,Solid,https://en.wikipedia.org/wiki/Hassium,/chemistry/elements/hs/108-hs-hassium-bohr.png,,"В природе хассий не обнаруживается и известен как искусственный сверхтяжёлый элемент с очень короткой жизнью. Предполагаемое химическое поведение сравнивают с осмием, проверяя влияние экстремального заряда ядра на свойства вещества. Поэтому хассий важен для поиска острова стабильности и для фундаментальной химии единичных атомов.",8,7,22,7,"{2,8,18,32,32,14,2}",1s2 2s2 2p6 3s2 3p6 4s2 3d10 4p6 5s2 4d10 5p6 6s2 4f14 5d10 6p6 7s2 5f14 6d6,*[Rn] 5f14 6d6 7s2,,,{},e6002e,d
109,Mt,Meitnerium,Мейтнерий,,278,,"unknown, probably transition metal",37.4,Gesellschaft für Schwerionenforschung,,,,7,9,Solid,https://en.wikipedia.org/wiki/Meitnerium,/chemistry/elements/mt/109-mt-meitnerium-bohr.png,,"В природе мейтнерий отсутствует и остаётся объектом экспериментов на границе возможностей современной ядерной техники. Его химические свойства выводят из единичных событий и теоретических моделей, а не из обычной работы с веществом. Поэтому мейтнерий важен как тест для релятивистской квантовой химии и представлений о сверхтяжёлых металлах.",9,7,23,7,"{2,8,18,32,32,15,2}",1s2 2s2 2p6 3s2 3p6 4s2 3d10 4p6 5s2 4d10 5p6 6s2 4f14 5d10 6p6 7s2 5f14 6d7,*[Rn] 5f14 6d7 7s2,,,{},eb0026,d
110,Ds,Darmstadtium,Дармштадтий,,281,,"unknown, probably transition metal",34.8,Gesellschaft für Schwerionenforschung,,,,7,10,Solid,https://en.wikipedia.org/wiki/Darmstadtium,/chemistry/elements/ds/110-ds-darmstadtium-bohr.png,,"В природе дармштадтий не существует и изучается в условиях, где удаётся зарегистрировать лишь отдельные атомы и их распад. Предсказанные свойства сравнивают с металлами платиновой группы, но проверка идёт на уровне предельно редких событий. Поэтому дармштадтий важен для фундаментальной химии сверхтяжёлых элементов и границ периодического закона.",10,7,24,7,"{2,8,18,32,32,16,2}",1s2 2s2 2p6 3s2 3p6 4s2 3d10 4p6 5s2 4d10 5p6 6s2 4f14 5d10 6p6 7s2 5f14 6d8,*[Rn] 5f14 6d9 7s1,,,{},,d
111,Rg,Roentgenium,Рентгений,,282,,"unknown, probably transition metal",28.7,Gesellschaft für Schwerionenforschung,,,,7,11,Solid,https://en.wikipedia.org/wiki/Roentgenium,/chemistry/elements/rg/111-rg-roentgenium-bohr.png,,"В природе рентгений отсутствует и представляет интерес как сверхтяжёлый родственник благородных металлов. Его возможное поведение определяется сильными релятивистскими и квантовыми эффектами, заметно меняющими привычные химические ожидания. Поэтому рентгений важен для теоретической химии, синтеза новых ядер и проверки моделей структуры атома.",11,7,25,7,"{2,8,18,32,32,17,2}",1s2 2s2 2p6 3s2 3p6 4s2 3d10 4p6 5s2 4d10 5p6 6s2 4f14 5d10 6p6 7s2 5f14 6d9,*[Rn] 5f14 6d10 7s1,151,,{},,d
112,Cn,Copernicium,Коперниций,,285,3570,transition metal,14,Gesellschaft für Schwerionenforschung,,,,7,12,Liquid,https://en.wikipedia.org/wiki/Copernicium,/chemistry/elements/cn/112-cn-copernicium-bohr.png,,"В природе коперниций не встречается и служит редким объектом исследований в области самых тяжёлых атомов. Для него особенно важен вопрос, насколько его химия будет напоминать ртуть или проявит совсем необычную инертность. Поэтому коперниций ценен для проверки релятивистских эффектов и поиска закономерностей в конце периодической таблицы.",12,7,26,7,"{2,8,18,32,32,18,2}",1s2 2s2 2p6 3s2 3p6 4s2 3d10 4p6 5s2 4d10 5p6 6s2 4f14 5d10 6p6 7s2 5f14 6d10,*[Rn] 5f14 6d10 7s2,,,{},,d
113,Nh,Nihonium,Нихоний,,286,1430,"unknown, probably transition metal",16,RIKEN,700,,,7,13,Solid,https://en.wikipedia.org/wiki/Ununtrium,/chemistry/elements/nh/113-nh-nihonium-bohr.png,,"В природе нихоний отсутствует и интересен как сверхтяжёлый элемент на стыке металлического и постпереходного поведения. Его реакции пока изучаются по отдельным атомам и служат тестом для расчётов электронной структуры. Поэтому нихоний важен для фундаментальной атомной химии и понимания того, как меняются свойства у самых тяжёлых ядер.",13,7,27,7,"{2,8,18,32,32,18,3}",1s2 2s2 2p6 3s2 3p6 4s2 3d10 4p6 5s2 4d10 5p6 6s2 4f14 5d10 6p6 7s2 5f14 6d10 7p1,*[Rn] 5f14 6d10 7s2 7p1,66.6,,{},,p
114,Fl,Flerovium,Флеровий,,289,420,post-transition metal,14,Joint Institute for Nuclear Research,340,,,7,14,Solid,https://en.wikipedia.org/wiki/Flerovium,/chemistry/elements/fl/114-fl-flerovium-bohr.png,,В природе флеровий не существует и рассматривается как один из кандидатов на повышенную ядерную устойчивость среди сверхтяжёлых элементов. Предсказания допускают для него необычно слабое химическое взаимодействие по сравнению с более лёгкими аналогами. Поэтому флеровий важен для поиска острова стабильности и для проверки пределов периодичности вещества.,14,7,28,7,"{2,8,18,32,32,18,4}",1s2 2s2 2p6 3s2 3p6 4s2 3d10 4p6 5s2 4d10 5p6 6s2 4f14 5d10 6p6 7s2 5f14 6d10 7p2,*[Rn] 5f14 6d10 7s2 7p2,,,{},,p
115,Mc,Moscovium,Московий,,289,1400,"unknown, probably post-transition metal",13.5,Joint Institute for Nuclear Research,670,,,7,15,Solid,https://en.wikipedia.org/wiki/Ununpentium,/chemistry/elements/mc/115-mc-moscovium-bohr.png,,"В природе московий отсутствует и известен только по редким событиям синтеза и распада в ускорительных экспериментах. Его химическое поведение ожидаемо нестандартно из-за сильных релятивистских влияний на внешние электроны. Поэтому московий важен для теории сверхтяжёлых элементов и для уточнения того, как завершается p-блок таблицы.",15,7,29,7,"{2,8,18,32,32,18,5}",1s2 2s2 2p6 3s2 3p6 4s2 3d10 4p6 5s2 4d10 5p6 6s2 4f14 5d10 6p6 7s2 5f14 6d10 7p3,*[Rn] 5f14 6d10 7s2 7p3,35.3,,{},,p
116,Lv,Livermorium,Ливерморий,,293,1085,"unknown, probably post-transition metal",12.9,Joint Institute for Nuclear Research,709,,,7,16,Solid,https://en.wikipedia.org/wiki/Livermorium,/chemistry/elements/lv/116-lv-livermorium-bohr.png,,"В природе ливерморий не встречается и изучается как сверхтяжёлый аналог халькогенов на пределе существования материи. Его свойства предсказывают с оглядкой на сильные релятивистские поправки и крайне малое время жизни. Поэтому ливерморий важен для фундаментальной науки о ядрах, границах химии и поиске более устойчивых сверхтяжёлых систем.",16,7,30,7,"{2,8,18,32,32,18,6}",1s2 2s2 2p6 3s2 3p6 4s2 3d10 4p6 5s2 4d10 5p6 6s2 4f14 5d10 6p6 7s2 5f14 6d10 7p4,*[Rn] 5f14 6d10 7s2 7p4,74.9,,{},,p
117,Ts,Tennessine,Теннессин,,294,883,"unknown, probably metalloid",7.17,Joint Institute for Nuclear Research,723,,,7,17,Solid,https://en.wikipedia.org/wiki/Tennessine,/chemistry/elements/ts/117-ts-tennessine-bohr.png,,"В природе теннессин отсутствует и интересен как сверхтяжёлый представитель галогеноподобной области таблицы. Ожидается, что его реакционная способность будет заметно отличаться от поведения лёгких галогенов из-за экстремальных квантовых эффектов. Поэтому теннессин важен для проверки предсказаний о химии предельных атомов и строении сверхтяжёлой материи.",17,7,31,7,"{2,8,18,32,32,18,7}",1s2 2s2 2p6 3s2 3p6 4s2 3d10 4p6 5s2 4d10 5p6 6s2 4f14 5d10 6p6 7s2 5f14 6d10 7p5,*[Rn] 5f14 6d10 7s2 7p5,165.9,,{},,p
118,Og,Oganesson,Оганесон,,294,350,"unknown, predicted to be noble gas",4.95,Joint Institute for Nuclear Research,,,,7,18,Solid,https://en.wikipedia.org/wiki/Oganesson,/chemistry/elements/og/118-og-oganesson-bohr.png,,"В природе оганесон не встречается и стоит на крайней границе известной периодической системы как сверхтяжёлый элемент. Даже его принадлежность к благородным газам может проявляться необычно из-за очень сильных релятивистских эффектов и нестабильного ядра. Поэтому оганесон важен для понимания пределов химии, структуры атома и острова стабильности.",18,7,32,7,"{2,8,18,32,32,18,8}",1s2 2s2 2p6 3s2 3p6 4s2 3d10 4p6 5s2 4d10 5p6 6s2 4f14 5d10 6p6 7s2 5f14 6d10 7p6,*[Rn] 5f14 6d10 7s2 7p6,5.40318,,{},,p
